group,pixel_separation,variant,pairs,mean_abs_gt_difference_m,local_difference_mae_m,local_difference_rmse_m,local_difference_bias_m,local_difference_pearson,local_difference_spearman,local_difference_sign_agreement,gt_difference_std_m,crop
corn,8,metric_raw,320000,0.0083127197265625,0.014246426646411419,0.06555843259547021,0.0009363190069794655,0.02805377355523294,0.012758078294199306,0.5070745927751398,0.0634838222200324,corn
corn,8,metric_bias_corrected,320000,0.0083127197265625,0.014246425300836562,0.06555843536602364,0.0009363209664821625,0.028053618032190097,0.012758123270822576,0.5070625713770511,0.0634838222200324,corn
corn,8,metric_scale_shift,320000,0.0083127197265625,0.022676549133658408,0.0797074826509408,0.0022094584554433823,0.029991476106904433,0.012139319711363684,0.505812345975837,0.0634838222200324,corn
corn,8,relative_scale_shift,320000,0.0083127197265625,0.010332511937618256,0.07683307088338319,0.00039030357599258424,0.1688675561043052,0.08418602059732837,0.5472741479834105,0.0634838222200324,corn
corn,16,metric_raw,320000,0.0149690185546875,0.024089988920837642,0.09455355759254985,0.0017132916130125522,0.08270720451556013,0.024446879913957813,0.511420577588796,0.09219064295528276,corn
corn,16,metric_bias_corrected,320000,0.0149690185546875,0.024089987432956695,0.09455355806522604,0.0017132917881011963,0.08270720192399923,0.024446997940121423,0.5114126740748937,0.09219064295528276,corn
corn,16,metric_scale_shift,320000,0.0149690185546875,0.03938616546094417,0.12307766420806485,0.004126198127865791,0.08080938920684153,0.023373686210078695,0.5106539367402747,0.09219064295528276,corn
corn,16,relative_scale_shift,320000,0.0149690185546875,0.017658237195014952,0.10444474763457938,0.0008969604849815368,0.2687172593432422,0.09618084238462189,0.5428370453503628,0.09219064295528276,corn
corn,32,metric_raw,320000,0.0244693115234375,0.03874545396715402,0.13002341781628945,0.003532356472313404,0.10446040253479477,0.03110326043867899,0.510889801179082,0.1254193340808568,corn
corn,32,metric_bias_corrected,320000,0.0244693115234375,0.0387454505443573,0.13002341756129723,0.00353235684633255,0.10446041027212921,0.0311033725265977,0.5108719001360479,0.1254193340808568,corn
corn,32,metric_scale_shift,320000,0.0244693115234375,0.06614000213444234,0.18738689513837856,0.008411732211709022,0.10573834016195868,0.03205837850122765,0.5119220946607156,0.1254193340808568,corn
corn,32,relative_scale_shift,320000,0.0244693115234375,0.027953649663925172,0.13549171302576443,0.001416814911365509,0.3066464088480743,0.11997970784070999,0.5446690693844428,0.1254193340808568,corn
corn,64,metric_raw,320000,0.0365860107421875,0.05947776161655784,0.1682579724461989,0.00682460668310523,0.12682951121307753,0.049322665352152656,0.5163014671320418,0.15864289892559028,corn
corn,64,metric_bias_corrected,320000,0.0365860107421875,0.05947776307463646,0.16825797222558211,0.006824605184793472,0.1268295125327431,0.0493226668091697,0.5162964666820014,0.15864289892559028,corn
corn,64,metric_scale_shift,320000,0.0365860107421875,0.1071425417393446,0.27583201793734646,0.01692997634112835,0.1240560706673775,0.04329141921923268,0.5109059815383384,0.15864289892559028,corn
corn,64,relative_scale_shift,320000,0.0365860107421875,0.04061714606285095,0.16446550911433586,0.0030497278213500977,0.37216338734591736,0.13854476352048023,0.5444339990599154,0.15864289892559028,corn
corn,128,metric_raw,320000,0.054918798828125,0.09314692052453756,0.2195607536736495,0.013788832713663579,0.13965338703224608,0.06565447685879366,0.5266053835327235,0.1978497361214666,corn
corn,128,metric_bias_corrected,320000,0.054918798828125,0.09314692093133926,0.21956075553731835,0.013788833451271057,0.1396533795091303,0.06565445243962088,0.5265965869106263,0.1978497361214666,corn
corn,128,metric_scale_shift,320000,0.054918798828125,0.17503369308710098,0.41984937557693935,0.03499753442406654,0.1438067291414366,0.05423055967957388,0.5108154468684025,0.1978497361214666,corn
corn,128,relative_scale_shift,320000,0.054918798828125,0.06164368153810501,0.19688960831978922,0.00616723552942276,0.4486983985152293,0.1632943802279247,0.5496833216045038,0.1978497361214666,corn
oat,8,metric_raw,320000,0.0181611328125,0.023994720208644866,0.10738742649497149,0.001293851453065872,0.02639356325285358,0.04315431016124949,0.5170060733723929,0.10397916230077066,oat
oat,8,metric_bias_corrected,320000,0.0181611328125,0.023994721922278403,0.10738742788553907,0.0012938518971204757,0.026393550381504035,0.043154535945552984,0.5169682330459571,0.10397916230077066,oat
oat,8,metric_scale_shift,320000,0.0181611328125,0.02909524618089199,0.116878946988691,0.002313631507754326,0.02612817584746316,0.030740367147877437,0.5112354235909209,0.10397916230077066,oat
oat,8,relative_scale_shift,320000,0.0181611328125,0.019144958665966987,0.10240158883456522,-8.44729334115982e-05,0.174564924381163,0.1510141275624841,0.5653660105574511,0.10397916230077066,oat
oat,16,metric_raw,320000,0.0332500732421875,0.04213895493298769,0.14991334823156455,0.0024196143493056296,0.07203369217103213,0.05661195255363548,0.5175975315138613,0.14457812976867865,oat
oat,16,metric_bias_corrected,320000,0.0332500732421875,0.04213895290493965,0.1499133470829308,0.002419615226984024,0.07203370228407764,0.05661203976273354,0.5175831798502644,0.14457812976867865,oat
oat,16,metric_scale_shift,320000,0.0332500732421875,0.051429612216353414,0.173573766811632,0.0043672345727682116,0.06620310321054725,0.040978177045733734,0.5110053340349702,0.14457812976867865,oat
oat,16,relative_scale_shift,320000,0.0332500732421875,0.03358770416975022,0.14005191872040945,-0.0004951339542865754,0.24870427651283836,0.16493914255188782,0.5580261678666252,0.14457812976867865,oat
oat,32,metric_raw,320000,0.057202197265625,0.07087355601191521,0.2101607111673647,0.005281300365924836,0.09615574830587904,0.0791397101895776,0.5215274396605689,0.19879419353892092,oat
oat,32,metric_bias_corrected,320000,0.057202197265625,0.07087355511188508,0.21016071010105258,0.005281301987171173,0.09615576867846971,0.0791397045579023,0.5215233481582102,0.19879419353892092,oat
oat,32,metric_scale_shift,320000,0.057202197265625,0.08729256503283978,0.25968308926568834,0.00886174018085003,0.08866992433752131,0.051546124491909984,0.5118387620750463,0.19879419353892092,oat
oat,32,relative_scale_shift,320000,0.057202197265625,0.055096911936998366,0.18770533873669784,-0.0005963090538978577,0.3294288818300979,0.19499921936100606,0.5606217446984358,0.19879419353892092,oat
oat,64,metric_raw,320000,0.0884613037109375,0.10950029445737601,0.26874603445468676,0.010036643870174885,0.14532509884432515,0.10633098928831408,0.5289463614468679,0.24342527158159127,oat
oat,64,metric_bias_corrected,320000,0.0884613037109375,0.10950029276311397,0.2687460342279434,0.010036643353104592,0.14532510252244427,0.10633097977183585,0.528942609974415,0.24342527158159127,oat
oat,64,metric_scale_shift,320000,0.0884613037109375,0.13799117066562175,0.37548035322346757,0.01700232180058956,0.13601440849682295,0.07375107631327037,0.5174781101582371,0.24342527158159127,oat
oat,64,relative_scale_shift,320000,0.0884613037109375,0.08199991413354873,0.22047335964494308,-0.0012803527534008027,0.42397184971922075,0.2426928231542003,0.572594743436799,0.24342527158159127,oat
oat,128,metric_raw,320000,0.1217681640625,0.1578969386458397,0.35477251481942446,0.020509268575906753,0.1788466638011476,0.1071746037963602,0.5297701536444027,0.30963753523414644,oat
oat,128,metric_bias_corrected,320000,0.1217681640625,0.15789693802893162,0.35477251623921763,0.02050926819741726,0.1788466540920747,0.10717460705266292,0.5297666093675238,0.30963753523414644,oat
oat,128,metric_scale_shift,320000,0.1217681640625,0.20549785915613175,0.5314175016362618,0.034804100489616394,0.17264922253291987,0.08781413623740214,0.5223803363518759,0.30963753523414644,oat
oat,128,relative_scale_shift,320000,0.1217681640625,0.11204044114351272,0.27411938722214557,-0.004136023247241974,0.46624464013648365,0.2765510986232381,0.5752822130464832,0.30963753523414644,oat
