scene,year,date,crop,filename,frame_id,camera_type,view_type,nadir_or_oblique,view_verticality_score,width,height,corresponding_depth_filename,intrinsics_available,extrinsics_available,camera_model,local_rgb_path,local_depth_path,source_rgb,source_depth,source_revision,mae_m,rmse_m,absrel,bias_m,median_abs_error_m,delta_1_25,delta_1_25_2,delta_1_25_3,valid_pixels,prediction_path
2025/Day001_Oat,2025,Day001,oat,1.JPG,1,DJI Mavic 3M RGB camera,nadir,nadir,0.9999924531099396,5280,3956,1_depth.tif,True,True,OPENCV,C:\Users\81902\Documents\Codex\2026-09-20\depth-anything-v2-python-uav-rgb\data\uav3dcrop\2025\Day001_Oat\images\1.JPG,C:\Users\81902\Documents\Codex\2026-09-20\depth-anything-v2-python-uav-rgb\data\uav3dcrop_depth\2025\Day001_Oat\1_depth.tif,https://huggingface.co/datasets/Link-Dev/UAV3DCrop/resolve/main/2025/Day001_Oat/images/1.JPG?download=true,https://huggingface.co/datasets/Link-Dev/UAV3DCrop_depth/resolve/main/2025/Day001_Oat_depth/1_depth.tif?download=true,main,9.645710881874178,9.66165661760825,0.6320227168789944,-9.645710881874178,9.724066972732544,0.0,3.2076324417072647e-06,2.585255997793915e-05,20887680,C:\Users\81902\Documents\Codex\2026-09-20\depth-anything-v2-python-uav-rgb\outputs\uav3dcrop\2025_Day001_Oat\nadir\1\1_metric_depth_m.npy
2025/Day001_Oat,2025,Day001,oat,29.JPG,29,DJI Mavic 3M RGB camera,nadir,nadir,0.9999915503991843,5280,3956,29_depth.tif,True,True,OPENCV,C:\Users\81902\Documents\Codex\2026-09-20\depth-anything-v2-python-uav-rgb\data\uav3dcrop\2025\Day001_Oat\images\29.JPG,C:\Users\81902\Documents\Codex\2026-09-20\depth-anything-v2-python-uav-rgb\data\uav3dcrop_depth\2025\Day001_Oat\29_depth.tif,https://huggingface.co/datasets/Link-Dev/UAV3DCrop/resolve/main/2025/Day001_Oat/images/29.JPG?download=true,https://huggingface.co/datasets/Link-Dev/UAV3DCrop_depth/resolve/main/2025/Day001_Oat_depth/29_depth.tif?download=true,main,10.33842909804109,10.344070768359993,0.6726693298198112,-10.33842909804109,10.367744445800781,2.1065048870913382e-06,4.643885773814995e-06,1.6852039096730706e-05,20887680,C:\Users\81902\Documents\Codex\2026-09-20\depth-anything-v2-python-uav-rgb\outputs\uav3dcrop\2025_Day001_Oat\nadir\29\29_metric_depth_m.npy
2025/Day001_Oat,2025,Day001,oat,58.JPG,58,DJI Mavic 3M RGB camera,nadir,nadir,0.9999859307819823,5280,3956,58_depth.tif,True,True,OPENCV,C:\Users\81902\Documents\Codex\2026-09-20\depth-anything-v2-python-uav-rgb\data\uav3dcrop\2025\Day001_Oat\images\58.JPG,C:\Users\81902\Documents\Codex\2026-09-20\depth-anything-v2-python-uav-rgb\data\uav3dcrop_depth\2025\Day001_Oat\58_depth.tif,https://huggingface.co/datasets/Link-Dev/UAV3DCrop/resolve/main/2025/Day001_Oat/images/58.JPG?download=true,https://huggingface.co/datasets/Link-Dev/UAV3DCrop_depth/resolve/main/2025/Day001_Oat_depth/58_depth.tif?download=true,main,10.195962323642775,10.210365657943917,0.6661672533178894,-10.195962323642775,10.333994388580322,2.0107546649508226e-06,6.750390660906333e-06,0.0005635858075190734,20887680,C:\Users\81902\Documents\Codex\2026-09-20\depth-anything-v2-python-uav-rgb\outputs\uav3dcrop\2025_Day001_Oat\nadir\58\58_metric_depth_m.npy
2025/Day001_Oat,2025,Day001,oat,87.JPG,87,DJI Mavic 3M RGB camera,nadir,nadir,0.9999919169704282,5280,3956,87_depth.tif,True,True,OPENCV,C:\Users\81902\Documents\Codex\2026-09-20\depth-anything-v2-python-uav-rgb\data\uav3dcrop\2025\Day001_Oat\images\87.JPG,C:\Users\81902\Documents\Codex\2026-09-20\depth-anything-v2-python-uav-rgb\data\uav3dcrop_depth\2025\Day001_Oat\87_depth.tif,https://huggingface.co/datasets/Link-Dev/UAV3DCrop/resolve/main/2025/Day001_Oat/images/87.JPG?download=true,https://huggingface.co/datasets/Link-Dev/UAV3DCrop_depth/resolve/main/2025/Day001_Oat_depth/87_depth.tif?download=true,main,10.363997023488416,10.368502598642499,0.6829769728770857,-10.363997023488416,10.437889575958252,1.0532524435456691e-06,2.9203817752857187e-06,9.575022214051537e-06,20887680,C:\Users\81902\Documents\Codex\2026-09-20\depth-anything-v2-python-uav-rgb\outputs\uav3dcrop\2025_Day001_Oat\nadir\87\87_metric_depth_m.npy
2025/Day001_Oat,2025,Day001,oat,358.JPG,358,DJI Mavic 3M RGB camera,nadir,nadir,0.9999615547999979,5280,3956,358_depth.tif,True,True,OPENCV,C:\Users\81902\Documents\Codex\2026-09-20\depth-anything-v2-python-uav-rgb\data\uav3dcrop\2025\Day001_Oat\images\358.JPG,C:\Users\81902\Documents\Codex\2026-09-20\depth-anything-v2-python-uav-rgb\data\uav3dcrop_depth\2025\Day001_Oat\358_depth.tif,https://huggingface.co/datasets/Link-Dev/UAV3DCrop/resolve/main/2025/Day001_Oat/images/358.JPG?download=true,https://huggingface.co/datasets/Link-Dev/UAV3DCrop_depth/resolve/main/2025/Day001_Oat_depth/358_depth.tif?download=true,main,9.354007983302852,9.359484664460908,0.607226526095124,-9.354007983302852,9.425023555755615,0.0,1.1490026656861843e-06,2.7767564420749455e-06,20887680,C:\Users\81902\Documents\Codex\2026-09-20\depth-anything-v2-python-uav-rgb\outputs\uav3dcrop\2025_Day001_Oat\nadir\358\358_metric_depth_m.npy
2025/Day001_Oat,2025,Day001,oat,387.JPG,387,DJI Mavic 3M RGB camera,nadir,nadir,0.9999937964863553,5280,3956,387_depth.tif,True,True,OPENCV,C:\Users\81902\Documents\Codex\2026-09-20\depth-anything-v2-python-uav-rgb\data\uav3dcrop\2025\Day001_Oat\images\387.JPG,C:\Users\81902\Documents\Codex\2026-09-20\depth-anything-v2-python-uav-rgb\data\uav3dcrop_depth\2025\Day001_Oat\387_depth.tif,https://huggingface.co/datasets/Link-Dev/UAV3DCrop/resolve/main/2025/Day001_Oat/images/387.JPG?download=true,https://huggingface.co/datasets/Link-Dev/UAV3DCrop_depth/resolve/main/2025/Day001_Oat_depth/387_depth.tif?download=true,main,9.549245972116676,9.58597502266124,0.6254232782071758,-9.549245972116676,9.71632432937622,2.05862977602108e-06,4.308759996323192e-06,0.018000419385972976,20887680,C:\Users\81902\Documents\Codex\2026-09-20\depth-anything-v2-python-uav-rgb\outputs\uav3dcrop\2025_Day001_Oat\nadir\387\387_metric_depth_m.npy
2025/Day001_Oat,2025,Day001,oat,416.JPG,416,DJI Mavic 3M RGB camera,nadir,nadir,0.9999649198832232,5280,3956,416_depth.tif,True,True,OPENCV,C:\Users\81902\Documents\Codex\2026-09-20\depth-anything-v2-python-uav-rgb\data\uav3dcrop\2025\Day001_Oat\images\416.JPG,C:\Users\81902\Documents\Codex\2026-09-20\depth-anything-v2-python-uav-rgb\data\uav3dcrop_depth\2025\Day001_Oat\416_depth.tif,https://huggingface.co/datasets/Link-Dev/UAV3DCrop/resolve/main/2025/Day001_Oat/images/416.JPG?download=true,https://huggingface.co/datasets/Link-Dev/UAV3DCrop_depth/resolve/main/2025/Day001_Oat_depth/416_depth.tif?download=true,main,9.760258561993787,9.774447241154853,0.6442992313877648,-9.760258561993787,9.774574756622314,1.0053773324754113e-06,2.728881331004688e-06,6.511015105555045e-06,20887680,C:\Users\81902\Documents\Codex\2026-09-20\depth-anything-v2-python-uav-rgb\outputs\uav3dcrop\2025_Day001_Oat\nadir\416\416_metric_depth_m.npy
2025/Day001_Oat,2025,Day001,oat,445.JPG,445,DJI Mavic 3M RGB camera,nadir,nadir,0.9999606054532906,5280,3956,445_depth.tif,True,True,OPENCV,C:\Users\81902\Documents\Codex\2026-09-20\depth-anything-v2-python-uav-rgb\data\uav3dcrop\2025\Day001_Oat\images\445.JPG,C:\Users\81902\Documents\Codex\2026-09-20\depth-anything-v2-python-uav-rgb\data\uav3dcrop_depth\2025\Day001_Oat\445_depth.tif,https://huggingface.co/datasets/Link-Dev/UAV3DCrop/resolve/main/2025/Day001_Oat/images/445.JPG?download=true,https://huggingface.co/datasets/Link-Dev/UAV3DCrop_depth/resolve/main/2025/Day001_Oat_depth/445_depth.tif?download=true,main,9.530046961437499,9.559894992286743,0.6455792631302115,-9.530046961437499,9.425459623336792,0.0,2.0107546649508226e-06,5.505637773079634e-06,20887680,C:\Users\81902\Documents\Codex\2026-09-20\depth-anything-v2-python-uav-rgb\outputs\uav3dcrop\2025_Day001_Oat\nadir\445\445_metric_depth_m.npy
2025/Day001_Oat,2025,Day001,oat,96.JPG,96,DJI Mavic 3M RGB camera,oblique,oblique,0.7043685218326969,5280,3956,96_depth.tif,True,True,OPENCV,C:\Users\81902\Documents\Codex\2026-09-20\depth-anything-v2-python-uav-rgb\data\uav3dcrop\2025\Day001_Oat\images\96.JPG,C:\Users\81902\Documents\Codex\2026-09-20\depth-anything-v2-python-uav-rgb\data\uav3dcrop_depth\2025\Day001_Oat\96_depth.tif,https://huggingface.co/datasets/Link-Dev/UAV3DCrop/resolve/main/2025/Day001_Oat/images/96.JPG?download=true,https://huggingface.co/datasets/Link-Dev/UAV3DCrop_depth/resolve/main/2025/Day001_Oat_depth/96_depth.tif?download=true,main,12.441002448093622,13.107778705923126,0.5303067442742473,-12.441002448093622,10.495657444000244,0.0,0.0002913313344061923,0.2100175751552255,20886871,C:\Users\81902\Documents\Codex\2026-09-20\depth-anything-v2-python-uav-rgb\outputs\uav3dcrop\2025_Day001_Oat\oblique\96\96_metric_depth_m.npy
2025/Day001_Oat,2025,Day001,oat,166.JPG,166,DJI Mavic 3M RGB camera,oblique,oblique,0.7105216300603896,5280,3956,166_depth.tif,True,True,OPENCV,C:\Users\81902\Documents\Codex\2026-09-20\depth-anything-v2-python-uav-rgb\data\uav3dcrop\2025\Day001_Oat\images\166.JPG,C:\Users\81902\Documents\Codex\2026-09-20\depth-anything-v2-python-uav-rgb\data\uav3dcrop_depth\2025\Day001_Oat\166_depth.tif,https://huggingface.co/datasets/Link-Dev/UAV3DCrop/resolve/main/2025/Day001_Oat/images/166.JPG?download=true,https://huggingface.co/datasets/Link-Dev/UAV3DCrop_depth/resolve/main/2025/Day001_Oat_depth/166_depth.tif?download=true,main,17.184462788172592,18.383232218845443,0.7155211428421964,-17.184462788172592,15.308299541473389,0.0,0.0,0.0,20886857,C:\Users\81902\Documents\Codex\2026-09-20\depth-anything-v2-python-uav-rgb\outputs\uav3dcrop\2025_Day001_Oat\oblique\166\166_metric_depth_m.npy
2025/Day001_Oat,2025,Day001,oat,237.JPG,237,DJI Mavic 3M RGB camera,oblique,oblique,0.7067726276480871,5280,3956,237_depth.tif,True,True,OPENCV,C:\Users\81902\Documents\Codex\2026-09-20\depth-anything-v2-python-uav-rgb\data\uav3dcrop\2025\Day001_Oat\images\237.JPG,C:\Users\81902\Documents\Codex\2026-09-20\depth-anything-v2-python-uav-rgb\data\uav3dcrop_depth\2025\Day001_Oat\237_depth.tif,https://huggingface.co/datasets/Link-Dev/UAV3DCrop/resolve/main/2025/Day001_Oat/images/237.JPG?download=true,https://huggingface.co/datasets/Link-Dev/UAV3DCrop_depth/resolve/main/2025/Day001_Oat_depth/237_depth.tif?download=true,main,14.082917367084875,14.86662733117337,0.5852637392258544,-14.082917367084875,12.365269660949707,0.0,3.5429872074222706e-05,0.012870331934810951,20886330,C:\Users\81902\Documents\Codex\2026-09-20\depth-anything-v2-python-uav-rgb\outputs\uav3dcrop\2025_Day001_Oat\oblique\237\237_metric_depth_m.npy
2025/Day001_Oat,2025,Day001,oat,308.JPG,308,DJI Mavic 3M RGB camera,oblique,oblique,0.7074544938563304,5280,3956,308_depth.tif,True,True,OPENCV,C:\Users\81902\Documents\Codex\2026-09-20\depth-anything-v2-python-uav-rgb\data\uav3dcrop\2025\Day001_Oat\images\308.JPG,C:\Users\81902\Documents\Codex\2026-09-20\depth-anything-v2-python-uav-rgb\data\uav3dcrop_depth\2025\Day001_Oat\308_depth.tif,https://huggingface.co/datasets/Link-Dev/UAV3DCrop/resolve/main/2025/Day001_Oat/images/308.JPG?download=true,https://huggingface.co/datasets/Link-Dev/UAV3DCrop_depth/resolve/main/2025/Day001_Oat_depth/308_depth.tif?download=true,main,13.644946077944837,14.26570241581285,0.5834682938215392,-13.644946077944837,11.656076431274414,0.0,0.0,0.007082738288612109,20709928,C:\Users\81902\Documents\Codex\2026-09-20\depth-anything-v2-python-uav-rgb\outputs\uav3dcrop\2025_Day001_Oat\oblique\308\308_metric_depth_m.npy
2025/Day001_Oat,2025,Day001,oat,487.JPG,487,DJI Mavic 3M RGB camera,oblique,oblique,0.7080546480846165,5280,3956,487_depth.tif,True,True,OPENCV,C:\Users\81902\Documents\Codex\2026-09-20\depth-anything-v2-python-uav-rgb\data\uav3dcrop\2025\Day001_Oat\images\487.JPG,C:\Users\81902\Documents\Codex\2026-09-20\depth-anything-v2-python-uav-rgb\data\uav3dcrop_depth\2025\Day001_Oat\487_depth.tif,https://huggingface.co/datasets/Link-Dev/UAV3DCrop/resolve/main/2025/Day001_Oat/images/487.JPG?download=true,https://huggingface.co/datasets/Link-Dev/UAV3DCrop_depth/resolve/main/2025/Day001_Oat_depth/487_depth.tif?download=true,main,15.866015874319913,16.805453445230704,0.6543620268438803,-15.866015874319913,14.014968156814575,0.0,0.0,7.183625242339598e-07,20880822,C:\Users\81902\Documents\Codex\2026-09-20\depth-anything-v2-python-uav-rgb\outputs\uav3dcrop\2025_Day001_Oat\oblique\487\487_metric_depth_m.npy
2025/Day001_Oat,2025,Day001,oat,558.JPG,558,DJI Mavic 3M RGB camera,oblique,oblique,0.7085719022101711,5280,3956,558_depth.tif,True,True,OPENCV,C:\Users\81902\Documents\Codex\2026-09-20\depth-anything-v2-python-uav-rgb\data\uav3dcrop\2025\Day001_Oat\images\558.JPG,C:\Users\81902\Documents\Codex\2026-09-20\depth-anything-v2-python-uav-rgb\data\uav3dcrop_depth\2025\Day001_Oat\558_depth.tif,https://huggingface.co/datasets/Link-Dev/UAV3DCrop/resolve/main/2025/Day001_Oat/images/558.JPG?download=true,https://huggingface.co/datasets/Link-Dev/UAV3DCrop_depth/resolve/main/2025/Day001_Oat_depth/558_depth.tif?download=true,main,13.653847741352376,14.051229945788336,0.5881877235053219,-13.653847741352376,12.470938682556152,0.0,0.0,0.020340134598846826,20797355,C:\Users\81902\Documents\Codex\2026-09-20\depth-anything-v2-python-uav-rgb\outputs\uav3dcrop\2025_Day001_Oat\oblique\558\558_metric_depth_m.npy
2025/Day001_Oat,2025,Day001,oat,629.JPG,629,DJI Mavic 3M RGB camera,oblique,oblique,0.7093736388252762,5280,3956,629_depth.tif,True,True,OPENCV,C:\Users\81902\Documents\Codex\2026-09-20\depth-anything-v2-python-uav-rgb\data\uav3dcrop\2025\Day001_Oat\images\629.JPG,C:\Users\81902\Documents\Codex\2026-09-20\depth-anything-v2-python-uav-rgb\data\uav3dcrop_depth\2025\Day001_Oat\629_depth.tif,https://huggingface.co/datasets/Link-Dev/UAV3DCrop/resolve/main/2025/Day001_Oat/images/629.JPG?download=true,https://huggingface.co/datasets/Link-Dev/UAV3DCrop_depth/resolve/main/2025/Day001_Oat_depth/629_depth.tif?download=true,main,14.733742721333465,15.447098412340916,0.6259709665517493,-14.733742721333465,13.440615177154541,0.0,0.0,0.015578602998897418,20807514,C:\Users\81902\Documents\Codex\2026-09-20\depth-anything-v2-python-uav-rgb\outputs\uav3dcrop\2025_Day001_Oat\oblique\629\629_metric_depth_m.npy
2025/Day001_Oat,2025,Day001,oat,700.JPG,700,DJI Mavic 3M RGB camera,oblique,oblique,0.7083800399027272,5280,3956,700_depth.tif,True,True,OPENCV,C:\Users\81902\Documents\Codex\2026-09-20\depth-anything-v2-python-uav-rgb\data\uav3dcrop\2025\Day001_Oat\images\700.JPG,C:\Users\81902\Documents\Codex\2026-09-20\depth-anything-v2-python-uav-rgb\data\uav3dcrop_depth\2025\Day001_Oat\700_depth.tif,https://huggingface.co/datasets/Link-Dev/UAV3DCrop/resolve/main/2025/Day001_Oat/images/700.JPG?download=true,https://huggingface.co/datasets/Link-Dev/UAV3DCrop_depth/resolve/main/2025/Day001_Oat_depth/700_depth.tif?download=true,main,14.323530198353522,15.22750499108679,0.6199290032070395,-14.323530198353522,12.946763038635254,0.0,0.0,0.021212880727633217,20878541,C:\Users\81902\Documents\Codex\2026-09-20\depth-anything-v2-python-uav-rgb\outputs\uav3dcrop\2025_Day001_Oat\oblique\700\700_metric_depth_m.npy
2025/Day007_Corn,2025,Day007,corn,1.JPG,1,DJI Mavic 3M RGB camera,nadir,nadir,0.9999954721327803,5280,3956,1_depth.tif,True,True,OPENCV,C:\Users\81902\Documents\Codex\2026-09-20\depth-anything-v2-python-uav-rgb\data\uav3dcrop\2025\Day007_Corn\images\1.JPG,C:\Users\81902\Documents\Codex\2026-09-20\depth-anything-v2-python-uav-rgb\data\uav3dcrop_depth\2025\Day007_Corn\1_depth.tif,https://huggingface.co/datasets/Link-Dev/UAV3DCrop/resolve/main/2025/Day007_Corn/images/1.JPG?download=true,https://huggingface.co/datasets/Link-Dev/UAV3DCrop_depth/resolve/main/2025/Day007_Corn_depth/1_depth.tif?download=true,main,11.418890535230739,11.4469322992193,0.6313827155544277,-11.418890535230739,11.658172845840454,0.0,1.3883782210374727e-06,5.3141373287986025e-06,20887680,C:\Users\81902\Documents\Codex\2026-09-20\depth-anything-v2-python-uav-rgb\outputs\uav3dcrop\2025_Day007_Corn\nadir\1\1_metric_depth_m.npy
2025/Day007_Corn,2025,Day007,corn,33.JPG,33,DJI Mavic 3M RGB camera,nadir,nadir,0.9999647586221735,5280,3956,33_depth.tif,True,True,OPENCV,C:\Users\81902\Documents\Codex\2026-09-20\depth-anything-v2-python-uav-rgb\data\uav3dcrop\2025\Day007_Corn\images\33.JPG,C:\Users\81902\Documents\Codex\2026-09-20\depth-anything-v2-python-uav-rgb\data\uav3dcrop_depth\2025\Day007_Corn\33_depth.tif,https://huggingface.co/datasets/Link-Dev/UAV3DCrop/resolve/main/2025/Day007_Corn/images/33.JPG?download=true,https://huggingface.co/datasets/Link-Dev/UAV3DCrop_depth/resolve/main/2025/Day007_Corn_depth/33_depth.tif?download=true,main,12.881055178269222,12.883689889537512,0.708964754038089,-12.881055178269222,12.94299602508545,0.0,1.3883782210374727e-06,3.2555075527775223e-06,20887680,C:\Users\81902\Documents\Codex\2026-09-20\depth-anything-v2-python-uav-rgb\outputs\uav3dcrop\2025_Day007_Corn\nadir\33\33_metric_depth_m.npy
2025/Day007_Corn,2025,Day007,corn,64.JPG,64,DJI Mavic 3M RGB camera,nadir,nadir,0.9999746975571722,5280,3956,64_depth.tif,True,True,OPENCV,C:\Users\81902\Documents\Codex\2026-09-20\depth-anything-v2-python-uav-rgb\data\uav3dcrop\2025\Day007_Corn\images\64.JPG,C:\Users\81902\Documents\Codex\2026-09-20\depth-anything-v2-python-uav-rgb\data\uav3dcrop_depth\2025\Day007_Corn\64_depth.tif,https://huggingface.co/datasets/Link-Dev/UAV3DCrop/resolve/main/2025/Day007_Corn/images/64.JPG?download=true,https://huggingface.co/datasets/Link-Dev/UAV3DCrop_depth/resolve/main/2025/Day007_Corn_depth/64_depth.tif?download=true,main,12.144498919800103,12.164965167264915,0.6699015749181166,-12.144498919800103,12.251865863800049,1.4841284431779882e-06,3.734258663480099e-06,8.23451910408432e-06,20887680,C:\Users\81902\Documents\Codex\2026-09-20\depth-anything-v2-python-uav-rgb\outputs\uav3dcrop\2025_Day007_Corn\nadir\64\64_metric_depth_m.npy
2025/Day007_Corn,2025,Day007,corn,578.JPG,578,DJI Mavic 3M RGB camera,nadir,nadir,0.9999915345736107,5280,3956,578_depth.tif,True,True,OPENCV,C:\Users\81902\Documents\Codex\2026-09-20\depth-anything-v2-python-uav-rgb\data\uav3dcrop\2025\Day007_Corn\images\578.JPG,C:\Users\81902\Documents\Codex\2026-09-20\depth-anything-v2-python-uav-rgb\data\uav3dcrop_depth\2025\Day007_Corn\578_depth.tif,https://huggingface.co/datasets/Link-Dev/UAV3DCrop/resolve/main/2025/Day007_Corn/images/578.JPG?download=true,https://huggingface.co/datasets/Link-Dev/UAV3DCrop_depth/resolve/main/2025/Day007_Corn_depth/578_depth.tif?download=true,main,12.921889452605514,12.923181250876263,0.7155422871790305,-12.921889452605514,12.947962760925293,0.0,1.0532524435456691e-06,2.728881331004688e-06,20887680,C:\Users\81902\Documents\Codex\2026-09-20\depth-anything-v2-python-uav-rgb\outputs\uav3dcrop\2025_Day007_Corn\nadir\578\578_metric_depth_m.npy
2025/Day007_Corn,2025,Day007,corn,609.JPG,609,DJI Mavic 3M RGB camera,nadir,nadir,0.9999944862551331,5280,3956,609_depth.tif,True,True,OPENCV,C:\Users\81902\Documents\Codex\2026-09-20\depth-anything-v2-python-uav-rgb\data\uav3dcrop\2025\Day007_Corn\images\609.JPG,C:\Users\81902\Documents\Codex\2026-09-20\depth-anything-v2-python-uav-rgb\data\uav3dcrop_depth\2025\Day007_Corn\609_depth.tif,https://huggingface.co/datasets/Link-Dev/UAV3DCrop/resolve/main/2025/Day007_Corn/images/609.JPG?download=true,https://huggingface.co/datasets/Link-Dev/UAV3DCrop_depth/resolve/main/2025/Day007_Corn_depth/609_depth.tif?download=true,main,12.210684466676167,12.214595487587909,0.6646371788888704,-12.210684466676167,12.3034086227417,5.745013328430922e-07,2.6331311088641727e-06,6.3673897723442714e-06,20887680,C:\Users\81902\Documents\Codex\2026-09-20\depth-anything-v2-python-uav-rgb\outputs\uav3dcrop\2025_Day007_Corn\nadir\609\609_metric_depth_m.npy
2025/Day007_Corn,2025,Day007,corn,639.JPG,639,DJI Mavic 3M RGB camera,nadir,nadir,0.9999842408219877,5280,3956,639_depth.tif,True,True,OPENCV,C:\Users\81902\Documents\Codex\2026-09-20\depth-anything-v2-python-uav-rgb\data\uav3dcrop\2025\Day007_Corn\images\639.JPG,C:\Users\81902\Documents\Codex\2026-09-20\depth-anything-v2-python-uav-rgb\data\uav3dcrop_depth\2025\Day007_Corn\639_depth.tif,https://huggingface.co/datasets/Link-Dev/UAV3DCrop/resolve/main/2025/Day007_Corn/images/639.JPG?download=true,https://huggingface.co/datasets/Link-Dev/UAV3DCrop_depth/resolve/main/2025/Day007_Corn_depth/639_depth.tif?download=true,main,12.275307504052781,12.277176050104428,0.6658313588440324,-12.275307504052781,12.30589771270752,4.3087599963231914e-07,2.3458804424426267e-06,4.7396359959555105e-06,20887680,C:\Users\81902\Documents\Codex\2026-09-20\depth-anything-v2-python-uav-rgb\outputs\uav3dcrop\2025_Day007_Corn\nadir\639\639_metric_depth_m.npy
2025/Day007_Corn,2025,Day007,corn,670.JPG,670,DJI Mavic 3M RGB camera,nadir,nadir,0.9999760870075198,5280,3956,670_depth.tif,True,True,OPENCV,C:\Users\81902\Documents\Codex\2026-09-20\depth-anything-v2-python-uav-rgb\data\uav3dcrop\2025\Day007_Corn\images\670.JPG,C:\Users\81902\Documents\Codex\2026-09-20\depth-anything-v2-python-uav-rgb\data\uav3dcrop_depth\2025\Day007_Corn\670_depth.tif,https://huggingface.co/datasets/Link-Dev/UAV3DCrop/resolve/main/2025/Day007_Corn/images/670.JPG?download=true,https://huggingface.co/datasets/Link-Dev/UAV3DCrop_depth/resolve/main/2025/Day007_Corn_depth/670_depth.tif?download=true,main,11.627203828006605,11.637976551507773,0.6316586564129854,-11.627203828006605,11.655725002288818,7.660017771241229e-07,2.872506664215461e-06,5.792888439501179e-06,20887680,C:\Users\81902\Documents\Codex\2026-09-20\depth-anything-v2-python-uav-rgb\outputs\uav3dcrop\2025_Day007_Corn\nadir\670\670_metric_depth_m.npy
2025/Day007_Corn,2025,Day007,corn,701.JPG,701,DJI Mavic 3M RGB camera,nadir,nadir,0.9999967126160184,5280,3956,701_depth.tif,True,True,OPENCV,C:\Users\81902\Documents\Codex\2026-09-20\depth-anything-v2-python-uav-rgb\data\uav3dcrop\2025\Day007_Corn\images\701.JPG,C:\Users\81902\Documents\Codex\2026-09-20\depth-anything-v2-python-uav-rgb\data\uav3dcrop_depth\2025\Day007_Corn\701_depth.tif,https://huggingface.co/datasets/Link-Dev/UAV3DCrop/resolve/main/2025/Day007_Corn/images/701.JPG?download=true,https://huggingface.co/datasets/Link-Dev/UAV3DCrop_depth/resolve/main/2025/Day007_Corn_depth/701_depth.tif?download=true,main,11.033020867206886,11.048995926843222,0.6014636473464938,-11.033020867206886,11.092242240905762,7.181266660538653e-07,2.585255997793915e-06,5.074761773447314e-06,20887680,C:\Users\81902\Documents\Codex\2026-09-20\depth-anything-v2-python-uav-rgb\outputs\uav3dcrop\2025_Day007_Corn\nadir\701\701_metric_depth_m.npy
2025/Day007_Corn,2025,Day007,corn,111.JPG,111,DJI Mavic 3M RGB camera,oblique,oblique,0.7023218186333064,5280,3956,111_depth.tif,True,True,OPENCV,C:\Users\81902\Documents\Codex\2026-09-20\depth-anything-v2-python-uav-rgb\data\uav3dcrop\2025\Day007_Corn\images\111.JPG,C:\Users\81902\Documents\Codex\2026-09-20\depth-anything-v2-python-uav-rgb\data\uav3dcrop_depth\2025\Day007_Corn\111_depth.tif,https://huggingface.co/datasets/Link-Dev/UAV3DCrop/resolve/main/2025/Day007_Corn/images/111.JPG?download=true,https://huggingface.co/datasets/Link-Dev/UAV3DCrop_depth/resolve/main/2025/Day007_Corn_depth/111_depth.tif?download=true,main,18.215783263354233,19.151046307043767,0.6470862394608455,-18.215783263354233,15.402972221374512,0.0,0.0,0.0,20521607,C:\Users\81902\Documents\Codex\2026-09-20\depth-anything-v2-python-uav-rgb\outputs\uav3dcrop\2025_Day007_Corn\oblique\111\111_metric_depth_m.npy
2025/Day007_Corn,2025,Day007,corn,222.JPG,222,DJI Mavic 3M RGB camera,oblique,oblique,0.7056516241242933,5280,3956,222_depth.tif,True,True,OPENCV,C:\Users\81902\Documents\Codex\2026-09-20\depth-anything-v2-python-uav-rgb\data\uav3dcrop\2025\Day007_Corn\images\222.JPG,C:\Users\81902\Documents\Codex\2026-09-20\depth-anything-v2-python-uav-rgb\data\uav3dcrop_depth\2025\Day007_Corn\222_depth.tif,https://huggingface.co/datasets/Link-Dev/UAV3DCrop/resolve/main/2025/Day007_Corn/images/222.JPG?download=true,https://huggingface.co/datasets/Link-Dev/UAV3DCrop_depth/resolve/main/2025/Day007_Corn_depth/222_depth.tif?download=true,main,18.45632813601366,19.875065252037295,0.6434334872185695,-18.45632813601366,15.773902893066406,0.0,0.0,0.00032666628789537326,20874514,C:\Users\81902\Documents\Codex\2026-09-20\depth-anything-v2-python-uav-rgb\outputs\uav3dcrop\2025_Day007_Corn\oblique\222\222_metric_depth_m.npy
2025/Day007_Corn,2025,Day007,corn,334.JPG,334,DJI Mavic 3M RGB camera,oblique,oblique,0.7068111656329447,5280,3956,334_depth.tif,True,True,OPENCV,C:\Users\81902\Documents\Codex\2026-09-20\depth-anything-v2-python-uav-rgb\data\uav3dcrop\2025\Day007_Corn\images\334.JPG,C:\Users\81902\Documents\Codex\2026-09-20\depth-anything-v2-python-uav-rgb\data\uav3dcrop_depth\2025\Day007_Corn\334_depth.tif,https://huggingface.co/datasets/Link-Dev/UAV3DCrop/resolve/main/2025/Day007_Corn/images/334.JPG?download=true,https://huggingface.co/datasets/Link-Dev/UAV3DCrop_depth/resolve/main/2025/Day007_Corn_depth/334_depth.tif?download=true,main,22.347098819651222,24.164507249444902,0.7644900706414647,-22.347098819651222,19.53537940979004,0.0,0.0,0.0,20757229,C:\Users\81902\Documents\Codex\2026-09-20\depth-anything-v2-python-uav-rgb\outputs\uav3dcrop\2025_Day007_Corn\oblique\334\334_metric_depth_m.npy
2025/Day007_Corn,2025,Day007,corn,446.JPG,446,DJI Mavic 3M RGB camera,oblique,oblique,0.7057395311749536,5280,3956,446_depth.tif,True,True,OPENCV,C:\Users\81902\Documents\Codex\2026-09-20\depth-anything-v2-python-uav-rgb\data\uav3dcrop\2025\Day007_Corn\images\446.JPG,C:\Users\81902\Documents\Codex\2026-09-20\depth-anything-v2-python-uav-rgb\data\uav3dcrop_depth\2025\Day007_Corn\446_depth.tif,https://huggingface.co/datasets/Link-Dev/UAV3DCrop/resolve/main/2025/Day007_Corn/images/446.JPG?download=true,https://huggingface.co/datasets/Link-Dev/UAV3DCrop_depth/resolve/main/2025/Day007_Corn_depth/446_depth.tif?download=true,main,18.607648277083744,19.277183032537927,0.663727614110546,-18.607648277083744,16.888590335845947,0.0,0.0,0.0,20793946,C:\Users\81902\Documents\Codex\2026-09-20\depth-anything-v2-python-uav-rgb\outputs\uav3dcrop\2025_Day007_Corn\oblique\446\446_metric_depth_m.npy
2025/Day007_Corn,2025,Day007,corn,558.JPG,558,DJI Mavic 3M RGB camera,oblique,oblique,0.7042619721063174,5280,3956,558_depth.tif,True,True,OPENCV,C:\Users\81902\Documents\Codex\2026-09-20\depth-anything-v2-python-uav-rgb\data\uav3dcrop\2025\Day007_Corn\images\558.JPG,C:\Users\81902\Documents\Codex\2026-09-20\depth-anything-v2-python-uav-rgb\data\uav3dcrop_depth\2025\Day007_Corn\558_depth.tif,https://huggingface.co/datasets/Link-Dev/UAV3DCrop/resolve/main/2025/Day007_Corn/images/558.JPG?download=true,https://huggingface.co/datasets/Link-Dev/UAV3DCrop_depth/resolve/main/2025/Day007_Corn_depth/558_depth.tif?download=true,main,20.550674136824863,21.788200526130947,0.7083056304212362,-20.550674136824863,18.392181873321533,0.0,0.0,0.0,20874392,C:\Users\81902\Documents\Codex\2026-09-20\depth-anything-v2-python-uav-rgb\outputs\uav3dcrop\2025_Day007_Corn\oblique\558\558_metric_depth_m.npy
2025/Day007_Corn,2025,Day007,corn,795.JPG,795,DJI Mavic 3M RGB camera,oblique,oblique,0.7052706955719295,5280,3956,795_depth.tif,True,True,OPENCV,C:\Users\81902\Documents\Codex\2026-09-20\depth-anything-v2-python-uav-rgb\data\uav3dcrop\2025\Day007_Corn\images\795.JPG,C:\Users\81902\Documents\Codex\2026-09-20\depth-anything-v2-python-uav-rgb\data\uav3dcrop_depth\2025\Day007_Corn\795_depth.tif,https://huggingface.co/datasets/Link-Dev/UAV3DCrop/resolve/main/2025/Day007_Corn/images/795.JPG?download=true,https://huggingface.co/datasets/Link-Dev/UAV3DCrop_depth/resolve/main/2025/Day007_Corn_depth/795_depth.tif?download=true,main,19.382744837168776,20.312763678871445,0.6872752623554443,-19.382744837168776,17.459453344345093,0.0,0.0,0.0,20788934,C:\Users\81902\Documents\Codex\2026-09-20\depth-anything-v2-python-uav-rgb\outputs\uav3dcrop\2025_Day007_Corn\oblique\795\795_metric_depth_m.npy
2025/Day007_Corn,2025,Day007,corn,1097.JPG,1097,DJI Mavic 3M RGB camera,oblique,oblique,0.7082186092059759,5280,3956,1097_depth.tif,True,True,OPENCV,C:\Users\81902\Documents\Codex\2026-09-20\depth-anything-v2-python-uav-rgb\data\uav3dcrop\2025\Day007_Corn\images\1097.JPG,C:\Users\81902\Documents\Codex\2026-09-20\depth-anything-v2-python-uav-rgb\data\uav3dcrop_depth\2025\Day007_Corn\1097_depth.tif,https://huggingface.co/datasets/Link-Dev/UAV3DCrop/resolve/main/2025/Day007_Corn/images/1097.JPG?download=true,https://huggingface.co/datasets/Link-Dev/UAV3DCrop_depth/resolve/main/2025/Day007_Corn_depth/1097_depth.tif?download=true,main,19.21157681400838,20.28831350414095,0.6822021979027153,-19.21157681400838,16.85313630104065,0.0,0.0,0.0,20602816,C:\Users\81902\Documents\Codex\2026-09-20\depth-anything-v2-python-uav-rgb\outputs\uav3dcrop\2025_Day007_Corn\oblique\1097\1097_metric_depth_m.npy
2025/Day007_Corn,2025,Day007,corn,1209.JPG,1209,DJI Mavic 3M RGB camera,oblique,oblique,0.7048275909019304,5280,3956,1209_depth.tif,True,True,OPENCV,C:\Users\81902\Documents\Codex\2026-09-20\depth-anything-v2-python-uav-rgb\data\uav3dcrop\2025\Day007_Corn\images\1209.JPG,C:\Users\81902\Documents\Codex\2026-09-20\depth-anything-v2-python-uav-rgb\data\uav3dcrop_depth\2025\Day007_Corn\1209_depth.tif,https://huggingface.co/datasets/Link-Dev/UAV3DCrop/resolve/main/2025/Day007_Corn/images/1209.JPG?download=true,https://huggingface.co/datasets/Link-Dev/UAV3DCrop_depth/resolve/main/2025/Day007_Corn_depth/1209_depth.tif?download=true,main,18.649386045896577,19.749244820994978,0.6618233544129378,-18.649386045896577,16.118919372558594,0.0,0.0,0.0007009258847127962,20557095,C:\Users\81902\Documents\Codex\2026-09-20\depth-anything-v2-python-uav-rgb\outputs\uav3dcrop\2025_Day007_Corn\oblique\1209\1209_metric_depth_m.npy
