pixel_separation,gt_magnitude_lower_m,gt_magnitude_upper_m,gt_magnitude_bin,variant,pairs,mean_abs_gt_difference_m,local_difference_mae_m,local_difference_rmse_m,local_difference_bias_m,local_difference_pearson,local_difference_spearman,local_difference_sign_agreement,gt_difference_std_m
8,0.0,0.02,0.00-0.02 m,metric_raw,901211,0.004469472187978176,0.010185703518200412,0.02078830836025036,0.0005749409842560013,0.009163726008622043,0.01844661267808444,0.5118979264459532,0.007680178629165983
8,0.0,0.02,0.00-0.02 m,metric_bias_corrected,901211,0.004469472187978176,0.010185704519800194,0.020788308624415393,0.0005749405371604835,0.009163760748488133,0.0184467174258648,0.5118476118316295,0.007680178629165983
8,0.0,0.02,0.00-0.02 m,metric_scale_shift,901211,0.004469472187978176,0.016732558934299258,0.043262702231335035,0.0010566953206571556,0.00605903825262334,0.014413000066828887,0.5100510841319545,0.007680178629165983
8,0.0,0.02,0.00-0.02 m,relative_scale_shift,901211,0.004469472187978176,0.006397386037874706,0.030023470374742584,2.9538357458546575e-06,0.015157974909610804,0.050590938958599,0.5230944079745704,0.007680178629165983
8,0.02,0.05,0.02-0.05 m,metric_raw,96967,0.032239060711376034,0.03543646303121587,0.04912158558956658,0.001684108665069209,0.03815443293697945,0.08817882629346005,0.5440098177730568,0.03280578061698123
8,0.02,0.05,0.02-0.05 m,metric_bias_corrected,96967,0.032239060711376034,0.035436463790972705,0.04912159037920924,0.0016841118639159447,0.038154561235351825,0.08817922686941729,0.5439788794125837,0.03280578061698123
8,0.02,0.05,0.02-0.05 m,metric_scale_shift,96967,0.032239060711376034,0.05565553616949767,0.10826777647641658,0.0034769593981503937,0.03180073025207563,0.06981261978121377,0.5324491837429228,0.03280578061698123
8,0.02,0.05,0.02-0.05 m,relative_scale_shift,96967,0.032239060711376034,0.03120337793739943,0.03864168549483209,0.0003555477872133287,0.1453856112695038,0.27542378878950385,0.614621469159611,0.03280578061698123
8,0.05,0.1,0.05-0.10 m,metric_raw,24420,0.07105823863636364,0.07362573308890027,0.09127055391246415,0.005280788915260809,0.05525916779344749,0.11433467346046328,0.5603603603603604,0.07215918182471112
8,0.05,0.1,0.05-0.10 m,metric_bias_corrected,24420,0.07105823863636364,0.07362574000128169,0.0912705622524454,0.0052807968039672755,0.05525913087185979,0.11433496623117513,0.5602784602784603,0.07215918182471112
8,0.05,0.1,0.05-0.10 m,metric_scale_shift,24420,0.07105823863636364,0.09701668507344013,0.20026999758140573,0.008310227233986694,0.04993586892502448,0.09724605705100955,0.5505323505323505,0.07215918182471112
8,0.05,0.1,0.05-0.10 m,relative_scale_shift,24420,0.07105823863636364,0.06570779517671302,0.0705824201065862,0.0029177022116971154,0.2572813708069777,0.396867353388078,0.678009828009828,0.07215918182471112
8,0.1,0.2,0.10-0.20 m,metric_raw,9042,0.1409662892612254,0.13908712789037275,0.14801280105421086,0.008386839308904298,0.08639719588909144,0.16834982677752988,0.5863746958637469,0.14327807587881375
8,0.1,0.2,0.10-0.20 m,metric_bias_corrected,9042,0.1409662892612254,0.13908713392862254,0.1480128092169375,0.008386843026778624,0.08639711217247567,0.16835176641754993,0.5863746958637469,0.14327807587881375
8,0.1,0.2,0.10-0.20 m,metric_scale_shift,9042,0.1409662892612254,0.1473371213159053,0.1975714085599938,0.009488014540981334,0.0650918156067662,0.12295885343762969,0.5564034505640345,0.14327807587881375
8,0.1,0.2,0.10-0.20 m,relative_scale_shift,9042,0.1409662892612254,0.13158346440670263,0.13698007121915357,0.007175665359480195,0.304107741924462,0.43144115705793556,0.7163238221632382,0.14327807587881375
8,0.2,0.5,0.20-0.50 m,metric_raw,6049,0.30374855347991403,0.2996072909874963,0.31088961929955966,0.0175069578227218,0.12812584256728585,0.20569591761690498,0.6025789386675483,0.3129154259662228
8,0.2,0.5,0.20-0.50 m,metric_bias_corrected,6049,0.30374855347991403,0.29960729788504153,0.31088963097360056,0.01750696282836894,0.12812550780162593,0.2056999561770833,0.6025789386675483,0.3129154259662228
8,0.2,0.5,0.20-0.50 m,metric_scale_shift,6049,0.30374855347991403,0.30068187773533156,0.3214228516635298,0.01832573345661715,0.07995231594030906,0.12640739664946724,0.5531492808728715,0.3129154259662228
8,0.2,0.5,0.20-0.50 m,relative_scale_shift,6049,0.30374855347991403,0.2854969892093496,0.2970294069012311,0.013756401382373136,0.3715907036161829,0.5371271633507404,0.7682261530831542,0.3129154259662228
8,0.5,1.0,0.50-1.00 m,metric_raw,1789,0.6604379192286194,0.6512962181918643,0.6660551343694222,-0.008861901841395523,0.15797781654801693,0.2234945215638338,0.6198993851313583,0.672730870953691
8,0.5,1.0,0.50-1.00 m,metric_bias_corrected,1789,0.6604379192286194,0.6512962243222471,0.666055136994254,-0.008861913835622532,0.15797782887020065,0.2234989383457327,0.6198993851313583,0.672730870953691
8,0.5,1.0,0.50-1.00 m,metric_scale_shift,1789,0.6604379192286194,0.6459225856638141,0.6741359250325737,-0.0006420024618081636,0.11916451031708307,0.20375565768773599,0.6025712688652879,0.672730870953691
8,0.5,1.0,0.50-1.00 m,relative_scale_shift,1789,0.6604379192286194,0.6266365355123282,0.6435594548355889,-0.014270217942418567,0.38224013999991524,0.5520769439000582,0.786472889882616,0.672730870953691
8,1.0,inf,1.00+ m,metric_raw,522,1.9613864942528736,1.9441392403452789,2.5498449805319328,-0.11425890959085633,0.10347208970892709,0.18202991540480276,0.60727969348659,2.556116199226659
8,1.0,inf,1.00+ m,metric_bias_corrected,522,1.9613864942528736,1.9441391736611553,2.549844905332226,-0.11425905483435854,0.10347284841210819,0.1820302567516515,0.60727969348659,2.556116199226659
8,1.0,inf,1.00+ m,metric_scale_shift,522,1.9613864942528736,1.9216176595724406,2.5409081717575015,-0.0815229799555636,0.11364650658372571,0.17759576640353852,0.60727969348659,2.556116199226659
8,1.0,inf,1.00+ m,relative_scale_shift,522,1.9613864942528736,1.8579487928485505,2.4386906383057907,-0.0924648051060936,0.3065688407256311,0.49425875780303913,0.7624521072796935,2.556116199226659
16,0.0,0.02,0.00-0.02 m,metric_raw,788646,0.006020742354617915,0.015391205973032684,0.030814923406925283,0.001098972644363756,0.004363255637335946,0.008722725022319728,0.5047140296174653,0.00908169630991801
16,0.0,0.02,0.00-0.02 m,metric_bias_corrected,788646,0.006020742354617915,0.015391205730274693,0.03081492318912787,0.0010989747790015874,0.004363277170824465,0.00872286246021893,0.5047008287504323,0.00908169630991801
16,0.0,0.02,0.00-0.02 m,metric_scale_shift,788646,0.006020742354617915,0.025834779048193767,0.07082339008687767,0.001927704865669881,-7.863166478789727e-05,0.0068898502587344665,0.5044948952247184,0.00908169630991801
16,0.0,0.02,0.00-0.02 m,relative_scale_shift,788646,0.006020742354617915,0.009157197144937844,0.04273133327588539,-2.931858703291484e-06,0.008506046055121612,0.02909608520817677,0.5129434501258042,0.00908169630991801
16,0.02,0.05,0.02-0.05 m,metric_raw,155313,0.03250899997102625,0.03859309520669734,0.06470261397714626,0.0019932435476894992,0.04373058531524603,0.0845769173581432,0.5357632651484422,0.03325537271629743
16,0.02,0.05,0.02-0.05 m,metric_bias_corrected,155313,0.03250899997102625,0.03859309596656417,0.06470261389828952,0.0019932465211481777,0.04373054788537477,0.08457705914491727,0.5357568265373793,0.03325537271629743
16,0.02,0.05,0.02-0.05 m,metric_scale_shift,155313,0.03250899997102625,0.06734216160189149,0.16074025182372959,0.00467032387443089,0.03830709413886882,0.06754271412238466,0.5280948793726218,0.03325537271629743
16,0.02,0.05,0.02-0.05 m,relative_scale_shift,155313,0.03250899997102625,0.032714869606963334,0.04383662462204512,-2.2030016094657065e-05,0.12225646737728076,0.21574241732996216,0.5803699625916697,0.03325537271629743
16,0.05,0.1,0.05-0.10 m,metric_raw,53956,0.07197647156942694,0.07716189185775355,0.10995575093813922,0.0044668592660083665,0.06297348932604982,0.13043919971296564,0.5674253095114538,0.07317463911644015
16,0.05,0.1,0.05-0.10 m,metric_bias_corrected,53956,0.07197647156942694,0.07716189408922701,0.10995575669791711,0.00446685911135179,0.06297352656332963,0.1304394302839895,0.5674253095114538,0.07317463911644015
16,0.05,0.1,0.05-0.10 m,metric_scale_shift,53956,0.07197647156942694,0.11604511938435161,0.23938251212600173,0.007873382196476588,0.05647927062582212,0.1084151673013454,0.5544147082808214,0.07317463911644015
16,0.05,0.1,0.05-0.10 m,relative_scale_shift,53956,0.07197647156942694,0.06703349426736718,0.07656920774131926,0.0017788767399272852,0.22348847401139507,0.3521510945839826,0.6586663207057603,0.07317463911644015
16,0.1,0.2,0.10-0.20 m,metric_raw,23199,0.13945745236863658,0.1387674361653634,0.15792014650153793,0.013081615703610223,0.08637227916102973,0.15265518775390594,0.5879132721237984,0.1414878398361459
16,0.1,0.2,0.10-0.20 m,metric_bias_corrected,23199,0.13945745236863658,0.13876743720335108,0.15792014568557608,0.013081618221501163,0.08637227984358511,0.1526547781405083,0.5879132721237984,0.1414878398361459
16,0.1,0.2,0.10-0.20 m,metric_scale_shift,23199,0.13945745236863658,0.16700549598212713,0.29307149448837294,0.017614565767539545,0.06828166547246146,0.12197015749949466,0.5681279365489892,0.1414878398361459
16,0.1,0.2,0.10-0.20 m,relative_scale_shift,23199,0.13945745236863658,0.12625019204704416,0.13615755807786098,0.009380394058230828,0.30037041966154404,0.42786103571854306,0.7060649165912324,0.1414878398361459
16,0.2,0.5,0.20-0.50 m,metric_raw,14335,0.30188840687129403,0.2941874371699269,0.31386026945963275,0.017143124838843345,0.11924492882449411,0.23135371183531686,0.6094872689222184,0.31117178049726446
16,0.2,0.5,0.20-0.50 m,metric_bias_corrected,14335,0.30188840687129403,0.29418743168139316,0.3138602670913323,0.017143125836758567,0.11924498207826024,0.23135349964644386,0.6094175095919079,0.31117178049726446
16,0.2,0.5,0.20-0.50 m,metric_scale_shift,14335,0.30188840687129403,0.3064857953926142,0.37913248582909725,0.019803061084461244,0.08201393167965536,0.13647466706548175,0.5555633065922567,0.31117178049726446
16,0.2,0.5,0.20-0.50 m,relative_scale_shift,14335,0.30188840687129403,0.2723820173744545,0.28718497103548096,0.010376789198131314,0.3944627650969096,0.5604880201576659,0.7795605162190443,0.31117178049726446
16,0.5,1.0,0.50-1.00 m,metric_raw,3499,0.6617783652472135,0.6450445712651822,0.6634589700871044,-0.01978986390695193,0.17823918813644934,0.26610657562746204,0.6373249499857102,0.6737660410453907
16,0.5,1.0,0.50-1.00 m,metric_bias_corrected,3499,0.6617783652472135,0.6450445775339759,0.6634589845155388,-0.019789872628751908,0.17823905537548024,0.2661078650340954,0.6373249499857102,0.6737660410453907
16,0.5,1.0,0.50-1.00 m,metric_scale_shift,3499,0.6617783652472135,0.6346321043269094,0.6857547499074078,-0.008353163563002515,0.1512411611690792,0.24397068515683332,0.6201771934838526,0.6737660410453907
16,0.5,1.0,0.50-1.00 m,relative_scale_shift,3499,0.6617783652472135,0.5983390192128345,0.6222992559776696,-0.02945393499356401,0.4386454862999227,0.5988925148072578,0.8090883109459845,0.6737660410453907
16,1.0,inf,1.00+ m,metric_raw,1052,1.9334006653992395,1.8737211599096146,2.425507439173074,-0.08462947221763234,0.20040482909725205,0.2887064098911837,0.6397338403041825,2.460202542830763
16,1.0,inf,1.00+ m,metric_bias_corrected,1052,1.9334006653992395,1.8737211807599086,2.425507420012034,-0.08462947221763234,0.2004049186901225,0.28871151758477753,0.6397338403041825,2.460202542830763
16,1.0,inf,1.00+ m,metric_scale_shift,1052,1.9334006653992395,1.8287875226242007,2.4150490959270416,-0.05895543733023872,0.19474634018941486,0.28261529217928066,0.6330798479087453,2.460202542830763
16,1.0,inf,1.00+ m,relative_scale_shift,1052,1.9334006653992395,1.8149692676819775,2.3749945679756084,-0.09020215567527162,0.27357528788167246,0.5478482929529392,0.8070342205323194,2.460202542830763
32,0.0,0.02,0.00-0.02 m,metric_raw,655486,0.007130503645386782,0.02298984116015166,0.04442717140499703,0.002298074390037651,0.003761067662489983,0.0070572037385019356,0.5027457486983531,0.010021274020782586
32,0.0,0.02,0.00-0.02 m,metric_bias_corrected,655486,0.007130503645386782,0.022989840456338076,0.044427170761041586,0.002298075752198824,0.003761072520797722,0.007057225075303219,0.5027373689973409,0.010021274020782586
32,0.0,0.02,0.00-0.02 m,metric_scale_shift,655486,0.007130503645386782,0.03878811298806986,0.10329863117195823,0.0038331571705446247,-0.00811451583133096,0.0022364051884662443,0.5013603047976581,0.010021274020782586
32,0.0,0.02,0.00-0.02 m,relative_scale_shift,655486,0.007130503645386782,0.012205531000238062,0.054821535277984224,0.0003149884280682458,0.003238326862811232,0.01679519507965784,0.510061227682063,0.010021274020782586
32,0.02,0.05,0.02-0.05 m,metric_raw,213358,0.03301683672512866,0.04374830477124548,0.08158472054526111,0.0037517569219057342,0.03730751221140251,0.06283829869138981,0.5248596256057894,0.033860454966333
32,0.02,0.05,0.02-0.05 m,metric_bias_corrected,213358,0.03301683672512866,0.04374830630663261,0.08158472129833698,0.003751754926125954,0.03730749163010191,0.06283819638289381,0.5248549386477188,0.033860454966333
32,0.02,0.05,0.02-0.05 m,metric_scale_shift,213358,0.03301683672512866,0.08063952068345699,0.18239795457233132,0.0075707118607457775,0.034991566819287924,0.05141313772077054,0.5203132762774304,0.033860454966333
32,0.02,0.05,0.02-0.05 m,relative_scale_shift,213358,0.03301683672512866,0.03480547124526736,0.05433351282861988,0.00028653931035094274,0.06918673860866474,0.14321027553724028,0.552358008605255,0.033860454966333
32,0.05,0.1,0.05-0.10 m,metric_raw,83625,0.07238210014947682,0.08346735674312118,0.13780226213216393,0.0056693020038006015,0.06203684783986761,0.11871727778331644,0.5560418535127055,0.07363374169381579
32,0.05,0.1,0.05-0.10 m,metric_bias_corrected,83625,0.07238210014947682,0.08346736061769038,0.13780226525220812,0.0056692998113475395,0.062036805247609475,0.11871704512303251,0.5560418535127055,0.07363374169381579
32,0.05,0.1,0.05-0.10 m,metric_scale_shift,83625,0.07238210014947682,0.14716645855183738,0.33014710931293495,0.013352989424860887,0.061236946582142675,0.09396835008149096,0.5429237668161435,0.07363374169381579
32,0.05,0.1,0.05-0.10 m,relative_scale_shift,83625,0.07238210014947682,0.06902818029201262,0.08077053463251552,0.0006058317221511818,0.20793365370119973,0.29959868683262586,0.6277070254110613,0.07363374169381579
32,0.1,0.2,0.10-0.20 m,metric_raw,46741,0.1404510025994309,0.14388879220641415,0.19557748638068123,0.012842729659317287,0.09326262347579632,0.19727894120412437,0.6043088509017779,0.14263775350876198
32,0.1,0.2,0.10-0.20 m,metric_bias_corrected,46741,0.1404510025994309,0.1438887923951454,0.19557749022823628,0.01284272758327352,0.09326263172922178,0.19727902587475274,0.6043088509017779,0.14263775350876198
32,0.1,0.2,0.10-0.20 m,metric_scale_shift,46741,0.1404510025994309,0.2045008408462447,0.46291777581901283,0.018947890454636684,0.07855378932023498,0.1564031130168695,0.5792986885175756,0.14263775350876198
32,0.1,0.2,0.10-0.20 m,relative_scale_shift,46741,0.1404510025994309,0.12577466874334714,0.1366064778263238,0.007133155310710718,0.3329040084711609,0.4317491880096144,0.7027235189662181,0.14263775350876198
32,0.2,0.5,0.20-0.50 m,metric_raw,31655,0.3027232072342442,0.2927955350196488,0.32263772129135443,0.021038039083485355,0.14447416367966875,0.26476356768833165,0.6322855788974886,0.3119548302678133
32,0.2,0.5,0.20-0.50 m,metric_bias_corrected,31655,0.3027232072342442,0.2927955394257416,0.3226377229118131,0.021038031860505815,0.14447412724758402,0.26476361618212385,0.6322855788974886,0.3119548302678133
32,0.2,0.5,0.20-0.50 m,metric_scale_shift,31655,0.3027232072342442,0.33122445421184227,0.5115585501938981,0.024410619722160565,0.09633788322724106,0.1756992927217456,0.5779813615542568,0.3119548302678133
32,0.2,0.5,0.20-0.50 m,relative_scale_shift,31655,0.3027232072342442,0.2592762220566767,0.28017860162743224,0.009489322277328788,0.4409743843086691,0.5892933732894765,0.7882483020060023,0.3119548302678133
32,0.5,1.0,0.50-1.00 m,metric_raw,7290,0.6573945473251028,0.6311322301176513,0.6588488762057325,-0.014260658086245607,0.19052482100856388,0.2700285800647638,0.6370370370370371,0.6691711333827728
32,0.5,1.0,0.50-1.00 m,metric_bias_corrected,7290,0.6573945473251028,0.6311322195212701,0.6588488650227107,-0.01426064055642964,0.19052488540476656,0.2700290250282898,0.6370370370370371,0.6691711333827728
32,0.5,1.0,0.50-1.00 m,metric_scale_shift,7290,0.6573945473251028,0.6322547452112939,0.7525242909171748,0.0009990930230202172,0.1662653025763115,0.24756644150426124,0.6115226337448559,0.6691711333827728
32,0.5,1.0,0.50-1.00 m,relative_scale_shift,7290,0.6573945473251028,0.5522806171527125,0.5841396159654436,-0.023610616482497897,0.5321709021911649,0.6379359180808735,0.8432098765432099,0.6691711333827728
32,1.0,inf,1.00+ m,metric_raw,1845,1.9353108062330624,1.848573581054605,2.4584370597588356,0.024353486089525506,0.2019573637562904,0.32910839563237376,0.6634146341463415,2.508324682423968
32,1.0,inf,1.00+ m,metric_bias_corrected,1845,1.9353108062330624,1.8485735689075335,2.4584370572883483,0.024353474976247565,0.20195736796717248,0.3291087543927496,0.6634146341463415,2.508324682423968
32,1.0,inf,1.00+ m,metric_scale_shift,1845,1.9353108062330624,1.8299242086849885,2.5076516417690358,0.09786694637805143,0.20437460980069877,0.3186071628933026,0.6558265582655827,2.508324682423968
32,1.0,inf,1.00+ m,relative_scale_shift,1845,1.9353108062330624,1.732875582066978,2.34189570016397,-0.000330927572276211,0.3668217284682163,0.6047110015759737,0.8346883468834688,2.508324682423968
64,0.0,0.02,0.00-0.02 m,metric_raw,540325,0.007928547055013186,0.034586458588740786,0.0669880229782974,0.004165931681892142,0.010274586781015598,0.013758306280019736,0.5052192262896217,0.010660433747814243
64,0.0,0.02,0.00-0.02 m,metric_bias_corrected,540325,0.007928547055013186,0.03458645802923538,0.066988024274905,0.004165931485977,0.01027461057770583,0.013758362221448463,0.5052160953800298,0.010660433747814243
64,0.0,0.02,0.00-0.02 m,metric_scale_shift,540325,0.007928547055013186,0.057391428604376606,0.15892611916220337,0.007203648879207808,-0.005778150543415508,0.004874674223222949,0.5014089093163345,0.010660433747814243
64,0.0,0.02,0.00-0.02 m,relative_scale_shift,540325,0.007928547055013186,0.01667775146480139,0.06866354761271619,0.00026832991282204016,0.0015548557838943563,0.012015834736407941,0.5103226089243447,0.010660433747814243
64,0.02,0.05,0.02-0.05 m,metric_raw,245671,0.03375042231276789,0.0531750576248196,0.10701162918223378,0.006243789000123191,0.028798917492537556,0.04987076946751207,0.5222146692120763,0.03462375959105094
64,0.02,0.05,0.02-0.05 m,metric_bias_corrected,245671,0.03375042231276789,0.05317505674847694,0.1070116288739154,0.006243786970851324,0.028798905008699915,0.04987078066620189,0.5222105987275666,0.03462375959105094
64,0.02,0.05,0.02-0.05 m,metric_scale_shift,245671,0.03375042231276789,0.10476846535515977,0.26000121178938984,0.011448553702792555,0.021691172281435713,0.039836474378349,0.5148308103113514,0.03462375959105094
64,0.02,0.05,0.02-0.05 m,relative_scale_shift,245671,0.03375042231276789,0.03821316780734948,0.05927134787650481,0.0010300932788406727,0.054807239297786435,0.09517802498274627,0.5384925367666513,0.03462375959105094
64,0.05,0.1,0.05-0.10 m,metric_raw,109549,0.07232715211914303,0.09287119004021029,0.1794457325830963,0.008843174213496861,0.06298592204245346,0.11792435063576649,0.5549936558069904,0.07358540007513929
64,0.05,0.1,0.05-0.10 m,metric_bias_corrected,109549,0.07232715211914303,0.09287118906955162,0.17944573066262492,0.008843173865278506,0.06298593209215686,0.11792427306230367,0.5549936558069904,0.07358540007513929
64,0.05,0.1,0.05-0.10 m,metric_scale_shift,109549,0.07232715211914303,0.18557335637916328,0.4222259474057834,0.020477286094539682,0.06924928425517773,0.10767929479304879,0.5463217373047677,0.07358540007513929
64,0.05,0.1,0.05-0.10 m,relative_scale_shift,109549,0.07232715211914303,0.07029141732858092,0.08634559438088894,0.0011799452285231043,0.19014593913414526,0.2691271800894506,0.611151174360332,0.07358540007513929
64,0.1,0.2,0.10-0.20 m,metric_raw,66208,0.14177301553437652,0.15271890069794228,0.24154128997034147,0.010412593173658058,0.10829163707326228,0.2018338424683326,0.5986436684388593,0.14424130611484282
64,0.1,0.2,0.10-0.20 m,metric_bias_corrected,66208,0.14177301553437652,0.15271890149017414,0.24154129005175332,0.010412591790853347,0.10829163382261525,0.2018338128675597,0.5986436684388593,0.14424130611484282
64,0.1,0.2,0.10-0.20 m,metric_scale_shift,66208,0.14177301553437652,0.25673209863218377,0.536562457839111,0.01553705995816894,0.10249504237140616,0.15188655877358823,0.5752326002899951,0.14424130611484282
64,0.1,0.2,0.10-0.20 m,relative_scale_shift,66208,0.14177301553437652,0.12823866154330546,0.1448076807644373,0.003996428586596622,0.3081220479374238,0.4119120177121274,0.6905509908168197,0.14424130611484282
64,0.2,0.5,0.20-0.50 m,metric_raw,61537,0.30862542555698197,0.2998558534474686,0.3791791696639163,0.026318870549361825,0.1450787897881547,0.3006530827394287,0.6548743032647025,0.31729179343244795
64,0.2,0.5,0.20-0.50 m,metric_bias_corrected,61537,0.30862542555698197,0.29985585581472335,0.3791791708617009,0.026318875264499234,0.14507877717341616,0.3006530975621881,0.6548743032647025,0.31729179343244795
64,0.2,0.5,0.20-0.50 m,metric_scale_shift,61537,0.30862542555698197,0.38735822815571724,0.7534727790224408,0.029219768842242165,0.11351874592509413,0.22745886223824371,0.6017517916050507,0.31729179343244795
64,0.2,0.5,0.20-0.50 m,relative_scale_shift,61537,0.30862542555698197,0.257056656747314,0.28395795799350265,0.010932589831799261,0.4649857156602478,0.5990789690858423,0.7894599996749923,0.31729179343244795
64,0.5,1.0,0.50-1.00 m,metric_raw,13199,0.648419151072051,0.6119832276159981,0.6719369891382724,0.039142743214774074,0.19443467340018727,0.319551126049886,0.6598984771573604,0.6597958436475901
64,0.5,1.0,0.50-1.00 m,metric_bias_corrected,13199,0.648419151072051,0.6119832206435326,0.6719369885959442,0.03914274137230911,0.1944346744354382,0.3195513549084479,0.6598984771573604,0.6597958436475901
64,0.5,1.0,0.50-1.00 m,metric_scale_shift,13199,0.648419151072051,0.6678013385033118,1.0480777720643355,0.056402556344734664,0.1462705694766185,0.2755063812234896,0.626638381695583,0.6597958436475901
64,0.5,1.0,0.50-1.00 m,relative_scale_shift,13199,0.648419151072051,0.4996629834617663,0.5404191259401459,0.01622130135820078,0.6033367019777075,0.6917534445574025,0.8790059853019168,0.6597958436475901
64,1.0,inf,1.00+ m,metric_raw,3511,1.7745144723725434,1.647124279737133,2.116532065924673,0.0036805783605616304,0.26689842554053317,0.39263704291242313,0.690116775847337,2.1956928574740204
64,1.0,inf,1.00+ m,metric_bias_corrected,3511,1.7745144723725434,1.6471242673782092,2.1165320505574954,0.0036806244009480247,0.2668984483259521,0.39263733247409177,0.690116775847337,2.1956928574740204
64,1.0,inf,1.00+ m,metric_scale_shift,3511,1.7745144723725434,1.7010374289229873,2.366110586088043,0.1524927328876266,0.25488518655208636,0.38417110804600557,0.6852748504699516,2.1956928574740204
64,1.0,inf,1.00+ m,relative_scale_shift,3511,1.7745144723725434,1.45327964626259,1.9355346802494278,-0.056351567971607924,0.479750898586579,0.6759304904990444,0.8951865565365993,2.1956928574740204
128,0.0,0.02,0.00-0.02 m,metric_raw,442733,0.008596568078277427,0.05317324496302005,0.08586126186413005,0.006568250645400701,0.023530103051086597,0.030952169884831193,0.514771083212769,0.011162214937018359
128,0.0,0.02,0.00-0.02 m,metric_bias_corrected,442733,0.008596568078277427,0.05317324420317469,0.08586126233219273,0.00656825074825716,0.023530098673484923,0.03095215349168268,0.514767493205912,0.011162214937018359
128,0.0,0.02,0.00-0.02 m,metric_scale_shift,442733,0.008596568078277427,0.0829460719013805,0.21578225283004365,0.010599210577206288,-0.0031122682582261957,0.01650335933525704,0.5049093343768286,0.011162214937018359
128,0.0,0.02,0.00-0.02 m,relative_scale_shift,442733,0.008596568078277427,0.02380341532265203,0.09072888405617635,0.00017772718529259727,0.00037195672948219573,0.017556852082996025,0.5088691119400038,0.011162214937018359
128,0.02,0.05,0.02-0.05 m,metric_raw,260557,0.0344707743890972,0.07014720522547632,0.12232683014116642,0.011284381542262103,0.02354777786941873,0.0356161788208843,0.5173033155892952,0.03537877996948346
128,0.02,0.05,0.02-0.05 m,metric_bias_corrected,260557,0.0344707743890972,0.07014720415763134,0.1223268296540327,0.01128438277298317,0.02354779452416098,0.03561619850595069,0.5172956397256646,0.03537877996948346
128,0.02,0.05,0.02-0.05 m,metric_scale_shift,260557,0.0344707743890972,0.14140022964049156,0.3261955415452048,0.021376891610834302,0.0029808423210881834,0.02112915899852847,0.5099268106402821,0.03537877996948346
128,0.02,0.05,0.02-0.05 m,relative_scale_shift,260557,0.0344707743890972,0.045865043200598185,0.08831786015517691,0.0010958335031207446,0.02353214087033912,0.05727515638589712,0.5288478144897277,0.03537877996948346
128,0.05,0.1,0.05-0.10 m,metric_raw,133050,0.07250968855693349,0.10843759120653017,0.1911067928192053,0.02015678552343002,0.05333736701518005,0.09684262152433719,0.5474708756106726,0.07365400709807221
128,0.05,0.1,0.05-0.10 m,metric_bias_corrected,133050,0.07250968855693349,0.10843759117427512,0.19110679114992996,0.020156788731015566,0.0533373696280596,0.09684261058924874,0.5474708756106726,0.07365400709807221
128,0.05,0.1,0.05-0.10 m,metric_scale_shift,133050,0.07250968855693349,0.2402894249951557,0.49278450684152175,0.039241577343401356,0.05771252178643244,0.09414587279256784,0.5417587373167982,0.07365400709807221
128,0.05,0.1,0.05-0.10 m,relative_scale_shift,133050,0.07250968855693349,0.07608737325542898,0.10448452440552969,0.0041970828850884856,0.14158998641281478,0.21624289758086185,0.5942127019917325,0.07365400709807221
128,0.1,0.2,0.10-0.20 m,metric_raw,84100,0.14177671670630201,0.17104152962087027,0.30503291057862875,0.021875523894351954,0.09957515741594201,0.18604976532645998,0.5904399524375743,0.144376051659793
128,0.1,0.2,0.10-0.20 m,metric_bias_corrected,84100,0.14177671670630201,0.17104152931186165,0.3050329099127141,0.021875520268461793,0.09957515861645379,0.186049674714944,0.5904399524375743,0.144376051659793
128,0.1,0.2,0.10-0.20 m,metric_scale_shift,84100,0.14177671670630201,0.3371439978909124,0.6987894641018157,0.039527015413880776,0.0985849697647418,0.15141607586790917,0.574589774078478,0.144376051659793
128,0.1,0.2,0.10-0.20 m,relative_scale_shift,84100,0.14177671670630201,0.12793873488690424,0.15229536246768335,0.0012551789845070857,0.30979819391108615,0.4063591145827913,0.6863852556480381,0.144376051659793
128,0.2,0.5,0.20-0.50 m,metric_raw,87720,0.31377714603283174,0.31552213736174045,0.47996078233850276,0.023409928388917388,0.15771703889891492,0.29428498041442275,0.6600889192886457,0.3226031326248006
128,0.2,0.5,0.20-0.50 m,metric_bias_corrected,87720,0.31377714603283174,0.31552213877779245,0.4799607844097652,0.023409931712970306,0.157717033167693,0.29428496859743564,0.6600889192886457,0.3226031326248006
128,0.2,0.5,0.20-0.50 m,metric_scale_shift,87720,0.31377714603283174,0.4814782092520161,0.9855820206719487,0.014963548160610381,0.14848610257718373,0.23758374483058028,0.6218878248974008,0.3226031326248006
128,0.2,0.5,0.20-0.50 m,relative_scale_shift,87720,0.31377714603283174,0.26019786584882826,0.2919049801764435,0.01067856186554957,0.4783074047113983,0.5926834465694516,0.793046055631555,0.3226031326248006
128,0.5,1.0,0.50-1.00 m,metric_raw,25195,0.6531008136535027,0.6181936223347477,0.714922353725297,0.09407433960072979,0.20161241372658043,0.31662645505091774,0.6667592776344513,0.6622010430289057
128,0.5,1.0,0.50-1.00 m,metric_bias_corrected,25195,0.6531008136535027,0.6181936231107081,0.7149223546641719,0.09407434624370825,0.2016124103568011,0.3166264850458117,0.6667592776344513,0.6622010430289057
128,0.5,1.0,0.50-1.00 m,metric_scale_shift,25195,0.6531008136535027,0.7756848218872046,1.3479909691340926,0.14534303317303743,0.1736476020396135,0.28756120797078305,0.6354435403849971,0.6622010430289057
128,0.5,1.0,0.50-1.00 m,relative_scale_shift,25195,0.6531008136535027,0.4860229481967533,0.5361946901192842,0.035615800614157325,0.5941453436635669,0.6796861150404827,0.8623536415955547,0.6622010430289057
128,1.0,inf,1.00+ m,metric_raw,6645,1.681848429270128,1.5367709023509373,1.9834931148997683,0.008691384650604272,0.308517417561289,0.3792920530251096,0.67313769751693,2.078067848597525
128,1.0,inf,1.00+ m,metric_bias_corrected,6645,1.681848429270128,1.5367708899366668,1.9834931131906706,0.008691404527789045,0.3085174182480657,0.37929231299281363,0.67313769751693,2.078067848597525
128,1.0,inf,1.00+ m,metric_scale_shift,6645,1.681848429270128,1.7202153793576072,2.5414657838259926,0.24706712095606498,0.2770119994350308,0.37648181697656496,0.6677200902934537,2.078067848597525
128,1.0,inf,1.00+ m,relative_scale_shift,6645,1.681848429270128,1.2796591900092844,1.7506613409836407,-0.09751803080240885,0.5440253727792206,0.719503729970982,0.9146726862302483,2.078067848597525
