scene,year,date,crop,filename,frame_id,camera_type,view_type,nadir_or_oblique,view_verticality_score,width,height,corresponding_depth_filename,intrinsics_available,extrinsics_available,camera_model,local_rgb_path,local_depth_path,source_rgb,source_depth,source_revision
2025/Day001_Oat,2025,Day001,oat,1.JPG,1,DJI Mavic 3M RGB camera,nadir,nadir,0.9999924531099396,5280,3956,1_depth.tif,True,True,OPENCV,C:\Users\81902\Documents\Codex\2026-09-20\depth-anything-v2-python-uav-rgb\data\uav3dcrop\2025\Day001_Oat\images\1.JPG,C:\Users\81902\Documents\Codex\2026-09-20\depth-anything-v2-python-uav-rgb\data\uav3dcrop_depth\2025\Day001_Oat\1_depth.tif,https://huggingface.co/datasets/Link-Dev/UAV3DCrop/resolve/main/2025/Day001_Oat/images/1.JPG?download=true,https://huggingface.co/datasets/Link-Dev/UAV3DCrop_depth/resolve/main/2025/Day001_Oat_depth/1_depth.tif?download=true,main
2025/Day001_Oat,2025,Day001,oat,29.JPG,29,DJI Mavic 3M RGB camera,nadir,nadir,0.9999915503991843,5280,3956,29_depth.tif,True,True,OPENCV,C:\Users\81902\Documents\Codex\2026-09-20\depth-anything-v2-python-uav-rgb\data\uav3dcrop\2025\Day001_Oat\images\29.JPG,C:\Users\81902\Documents\Codex\2026-09-20\depth-anything-v2-python-uav-rgb\data\uav3dcrop_depth\2025\Day001_Oat\29_depth.tif,https://huggingface.co/datasets/Link-Dev/UAV3DCrop/resolve/main/2025/Day001_Oat/images/29.JPG?download=true,https://huggingface.co/datasets/Link-Dev/UAV3DCrop_depth/resolve/main/2025/Day001_Oat_depth/29_depth.tif?download=true,main
2025/Day001_Oat,2025,Day001,oat,58.JPG,58,DJI Mavic 3M RGB camera,nadir,nadir,0.9999859307819823,5280,3956,58_depth.tif,True,True,OPENCV,C:\Users\81902\Documents\Codex\2026-09-20\depth-anything-v2-python-uav-rgb\data\uav3dcrop\2025\Day001_Oat\images\58.JPG,C:\Users\81902\Documents\Codex\2026-09-20\depth-anything-v2-python-uav-rgb\data\uav3dcrop_depth\2025\Day001_Oat\58_depth.tif,https://huggingface.co/datasets/Link-Dev/UAV3DCrop/resolve/main/2025/Day001_Oat/images/58.JPG?download=true,https://huggingface.co/datasets/Link-Dev/UAV3DCrop_depth/resolve/main/2025/Day001_Oat_depth/58_depth.tif?download=true,main
2025/Day001_Oat,2025,Day001,oat,87.JPG,87,DJI Mavic 3M RGB camera,nadir,nadir,0.9999919169704282,5280,3956,87_depth.tif,True,True,OPENCV,C:\Users\81902\Documents\Codex\2026-09-20\depth-anything-v2-python-uav-rgb\data\uav3dcrop\2025\Day001_Oat\images\87.JPG,C:\Users\81902\Documents\Codex\2026-09-20\depth-anything-v2-python-uav-rgb\data\uav3dcrop_depth\2025\Day001_Oat\87_depth.tif,https://huggingface.co/datasets/Link-Dev/UAV3DCrop/resolve/main/2025/Day001_Oat/images/87.JPG?download=true,https://huggingface.co/datasets/Link-Dev/UAV3DCrop_depth/resolve/main/2025/Day001_Oat_depth/87_depth.tif?download=true,main
2025/Day001_Oat,2025,Day001,oat,358.JPG,358,DJI Mavic 3M RGB camera,nadir,nadir,0.9999615547999979,5280,3956,358_depth.tif,True,True,OPENCV,C:\Users\81902\Documents\Codex\2026-09-20\depth-anything-v2-python-uav-rgb\data\uav3dcrop\2025\Day001_Oat\images\358.JPG,C:\Users\81902\Documents\Codex\2026-09-20\depth-anything-v2-python-uav-rgb\data\uav3dcrop_depth\2025\Day001_Oat\358_depth.tif,https://huggingface.co/datasets/Link-Dev/UAV3DCrop/resolve/main/2025/Day001_Oat/images/358.JPG?download=true,https://huggingface.co/datasets/Link-Dev/UAV3DCrop_depth/resolve/main/2025/Day001_Oat_depth/358_depth.tif?download=true,main
2025/Day001_Oat,2025,Day001,oat,387.JPG,387,DJI Mavic 3M RGB camera,nadir,nadir,0.9999937964863553,5280,3956,387_depth.tif,True,True,OPENCV,C:\Users\81902\Documents\Codex\2026-09-20\depth-anything-v2-python-uav-rgb\data\uav3dcrop\2025\Day001_Oat\images\387.JPG,C:\Users\81902\Documents\Codex\2026-09-20\depth-anything-v2-python-uav-rgb\data\uav3dcrop_depth\2025\Day001_Oat\387_depth.tif,https://huggingface.co/datasets/Link-Dev/UAV3DCrop/resolve/main/2025/Day001_Oat/images/387.JPG?download=true,https://huggingface.co/datasets/Link-Dev/UAV3DCrop_depth/resolve/main/2025/Day001_Oat_depth/387_depth.tif?download=true,main
2025/Day001_Oat,2025,Day001,oat,416.JPG,416,DJI Mavic 3M RGB camera,nadir,nadir,0.9999649198832232,5280,3956,416_depth.tif,True,True,OPENCV,C:\Users\81902\Documents\Codex\2026-09-20\depth-anything-v2-python-uav-rgb\data\uav3dcrop\2025\Day001_Oat\images\416.JPG,C:\Users\81902\Documents\Codex\2026-09-20\depth-anything-v2-python-uav-rgb\data\uav3dcrop_depth\2025\Day001_Oat\416_depth.tif,https://huggingface.co/datasets/Link-Dev/UAV3DCrop/resolve/main/2025/Day001_Oat/images/416.JPG?download=true,https://huggingface.co/datasets/Link-Dev/UAV3DCrop_depth/resolve/main/2025/Day001_Oat_depth/416_depth.tif?download=true,main
2025/Day001_Oat,2025,Day001,oat,445.JPG,445,DJI Mavic 3M RGB camera,nadir,nadir,0.9999606054532906,5280,3956,445_depth.tif,True,True,OPENCV,C:\Users\81902\Documents\Codex\2026-09-20\depth-anything-v2-python-uav-rgb\data\uav3dcrop\2025\Day001_Oat\images\445.JPG,C:\Users\81902\Documents\Codex\2026-09-20\depth-anything-v2-python-uav-rgb\data\uav3dcrop_depth\2025\Day001_Oat\445_depth.tif,https://huggingface.co/datasets/Link-Dev/UAV3DCrop/resolve/main/2025/Day001_Oat/images/445.JPG?download=true,https://huggingface.co/datasets/Link-Dev/UAV3DCrop_depth/resolve/main/2025/Day001_Oat_depth/445_depth.tif?download=true,main
2025/Day001_Oat,2025,Day001,oat,96.JPG,96,DJI Mavic 3M RGB camera,oblique,oblique,0.7043685218326969,5280,3956,96_depth.tif,True,True,OPENCV,C:\Users\81902\Documents\Codex\2026-09-20\depth-anything-v2-python-uav-rgb\data\uav3dcrop\2025\Day001_Oat\images\96.JPG,C:\Users\81902\Documents\Codex\2026-09-20\depth-anything-v2-python-uav-rgb\data\uav3dcrop_depth\2025\Day001_Oat\96_depth.tif,https://huggingface.co/datasets/Link-Dev/UAV3DCrop/resolve/main/2025/Day001_Oat/images/96.JPG?download=true,https://huggingface.co/datasets/Link-Dev/UAV3DCrop_depth/resolve/main/2025/Day001_Oat_depth/96_depth.tif?download=true,main
2025/Day001_Oat,2025,Day001,oat,166.JPG,166,DJI Mavic 3M RGB camera,oblique,oblique,0.7105216300603896,5280,3956,166_depth.tif,True,True,OPENCV,C:\Users\81902\Documents\Codex\2026-09-20\depth-anything-v2-python-uav-rgb\data\uav3dcrop\2025\Day001_Oat\images\166.JPG,C:\Users\81902\Documents\Codex\2026-09-20\depth-anything-v2-python-uav-rgb\data\uav3dcrop_depth\2025\Day001_Oat\166_depth.tif,https://huggingface.co/datasets/Link-Dev/UAV3DCrop/resolve/main/2025/Day001_Oat/images/166.JPG?download=true,https://huggingface.co/datasets/Link-Dev/UAV3DCrop_depth/resolve/main/2025/Day001_Oat_depth/166_depth.tif?download=true,main
2025/Day001_Oat,2025,Day001,oat,237.JPG,237,DJI Mavic 3M RGB camera,oblique,oblique,0.7067726276480871,5280,3956,237_depth.tif,True,True,OPENCV,C:\Users\81902\Documents\Codex\2026-09-20\depth-anything-v2-python-uav-rgb\data\uav3dcrop\2025\Day001_Oat\images\237.JPG,C:\Users\81902\Documents\Codex\2026-09-20\depth-anything-v2-python-uav-rgb\data\uav3dcrop_depth\2025\Day001_Oat\237_depth.tif,https://huggingface.co/datasets/Link-Dev/UAV3DCrop/resolve/main/2025/Day001_Oat/images/237.JPG?download=true,https://huggingface.co/datasets/Link-Dev/UAV3DCrop_depth/resolve/main/2025/Day001_Oat_depth/237_depth.tif?download=true,main
2025/Day001_Oat,2025,Day001,oat,308.JPG,308,DJI Mavic 3M RGB camera,oblique,oblique,0.7074544938563304,5280,3956,308_depth.tif,True,True,OPENCV,C:\Users\81902\Documents\Codex\2026-09-20\depth-anything-v2-python-uav-rgb\data\uav3dcrop\2025\Day001_Oat\images\308.JPG,C:\Users\81902\Documents\Codex\2026-09-20\depth-anything-v2-python-uav-rgb\data\uav3dcrop_depth\2025\Day001_Oat\308_depth.tif,https://huggingface.co/datasets/Link-Dev/UAV3DCrop/resolve/main/2025/Day001_Oat/images/308.JPG?download=true,https://huggingface.co/datasets/Link-Dev/UAV3DCrop_depth/resolve/main/2025/Day001_Oat_depth/308_depth.tif?download=true,main
2025/Day001_Oat,2025,Day001,oat,487.JPG,487,DJI Mavic 3M RGB camera,oblique,oblique,0.7080546480846165,5280,3956,487_depth.tif,True,True,OPENCV,C:\Users\81902\Documents\Codex\2026-09-20\depth-anything-v2-python-uav-rgb\data\uav3dcrop\2025\Day001_Oat\images\487.JPG,C:\Users\81902\Documents\Codex\2026-09-20\depth-anything-v2-python-uav-rgb\data\uav3dcrop_depth\2025\Day001_Oat\487_depth.tif,https://huggingface.co/datasets/Link-Dev/UAV3DCrop/resolve/main/2025/Day001_Oat/images/487.JPG?download=true,https://huggingface.co/datasets/Link-Dev/UAV3DCrop_depth/resolve/main/2025/Day001_Oat_depth/487_depth.tif?download=true,main
2025/Day001_Oat,2025,Day001,oat,558.JPG,558,DJI Mavic 3M RGB camera,oblique,oblique,0.7085719022101711,5280,3956,558_depth.tif,True,True,OPENCV,C:\Users\81902\Documents\Codex\2026-09-20\depth-anything-v2-python-uav-rgb\data\uav3dcrop\2025\Day001_Oat\images\558.JPG,C:\Users\81902\Documents\Codex\2026-09-20\depth-anything-v2-python-uav-rgb\data\uav3dcrop_depth\2025\Day001_Oat\558_depth.tif,https://huggingface.co/datasets/Link-Dev/UAV3DCrop/resolve/main/2025/Day001_Oat/images/558.JPG?download=true,https://huggingface.co/datasets/Link-Dev/UAV3DCrop_depth/resolve/main/2025/Day001_Oat_depth/558_depth.tif?download=true,main
2025/Day001_Oat,2025,Day001,oat,629.JPG,629,DJI Mavic 3M RGB camera,oblique,oblique,0.7093736388252762,5280,3956,629_depth.tif,True,True,OPENCV,C:\Users\81902\Documents\Codex\2026-09-20\depth-anything-v2-python-uav-rgb\data\uav3dcrop\2025\Day001_Oat\images\629.JPG,C:\Users\81902\Documents\Codex\2026-09-20\depth-anything-v2-python-uav-rgb\data\uav3dcrop_depth\2025\Day001_Oat\629_depth.tif,https://huggingface.co/datasets/Link-Dev/UAV3DCrop/resolve/main/2025/Day001_Oat/images/629.JPG?download=true,https://huggingface.co/datasets/Link-Dev/UAV3DCrop_depth/resolve/main/2025/Day001_Oat_depth/629_depth.tif?download=true,main
2025/Day001_Oat,2025,Day001,oat,700.JPG,700,DJI Mavic 3M RGB camera,oblique,oblique,0.7083800399027272,5280,3956,700_depth.tif,True,True,OPENCV,C:\Users\81902\Documents\Codex\2026-09-20\depth-anything-v2-python-uav-rgb\data\uav3dcrop\2025\Day001_Oat\images\700.JPG,C:\Users\81902\Documents\Codex\2026-09-20\depth-anything-v2-python-uav-rgb\data\uav3dcrop_depth\2025\Day001_Oat\700_depth.tif,https://huggingface.co/datasets/Link-Dev/UAV3DCrop/resolve/main/2025/Day001_Oat/images/700.JPG?download=true,https://huggingface.co/datasets/Link-Dev/UAV3DCrop_depth/resolve/main/2025/Day001_Oat_depth/700_depth.tif?download=true,main
2025/Day001_Wheat,2025,Day001,wheat,1.JPG,1,DJI Mavic 3M RGB camera,nadir,nadir,0.9999870190847487,5280,3956,1_depth.tif,True,True,OPENCV,data\uav3dcrop\2025\Day001_Wheat\images\1.JPG,data\uav3dcrop_depth\2025\Day001_Wheat\1_depth.tif,https://huggingface.co/datasets/Link-Dev/UAV3DCrop/blob/main/2025/Day001_Wheat/images/1.JPG,https://huggingface.co/datasets/Link-Dev/UAV3DCrop_depth/blob/main/2025/Day001_Wheat_depth/1_depth.tif,main
2025/Day001_Wheat,2025,Day001,wheat,43.JPG,43,DJI Mavic 3M RGB camera,nadir,nadir,0.9999036072131963,5280,3956,43_depth.tif,True,True,OPENCV,data\uav3dcrop\2025\Day001_Wheat\images\43.JPG,data\uav3dcrop_depth\2025\Day001_Wheat\43_depth.tif,https://huggingface.co/datasets/Link-Dev/UAV3DCrop/blob/main/2025/Day001_Wheat/images/43.JPG,https://huggingface.co/datasets/Link-Dev/UAV3DCrop_depth/blob/main/2025/Day001_Wheat_depth/43_depth.tif,main
2025/Day001_Wheat,2025,Day001,wheat,85.JPG,85,DJI Mavic 3M RGB camera,nadir,nadir,0.9999854698430397,5280,3956,85_depth.tif,True,True,OPENCV,data\uav3dcrop\2025\Day001_Wheat\images\85.JPG,data\uav3dcrop_depth\2025\Day001_Wheat\85_depth.tif,https://huggingface.co/datasets/Link-Dev/UAV3DCrop/blob/main/2025/Day001_Wheat/images/85.JPG,https://huggingface.co/datasets/Link-Dev/UAV3DCrop_depth/blob/main/2025/Day001_Wheat_depth/85_depth.tif,main
2025/Day001_Wheat,2025,Day001,wheat,127.JPG,127,DJI Mavic 3M RGB camera,nadir,nadir,0.9999789990409258,5280,3956,127_depth.tif,True,True,OPENCV,data\uav3dcrop\2025\Day001_Wheat\images\127.JPG,data\uav3dcrop_depth\2025\Day001_Wheat\127_depth.tif,https://huggingface.co/datasets/Link-Dev/UAV3DCrop/blob/main/2025/Day001_Wheat/images/127.JPG,https://huggingface.co/datasets/Link-Dev/UAV3DCrop_depth/blob/main/2025/Day001_Wheat_depth/127_depth.tif,main
2025/Day001_Wheat,2025,Day001,wheat,169.JPG,169,DJI Mavic 3M RGB camera,nadir,nadir,0.9999973586936671,5280,3956,169_depth.tif,True,True,OPENCV,data\uav3dcrop\2025\Day001_Wheat\images\169.JPG,data\uav3dcrop_depth\2025\Day001_Wheat\169_depth.tif,https://huggingface.co/datasets/Link-Dev/UAV3DCrop/blob/main/2025/Day001_Wheat/images/169.JPG,https://huggingface.co/datasets/Link-Dev/UAV3DCrop_depth/blob/main/2025/Day001_Wheat_depth/169_depth.tif,main
2025/Day001_Wheat,2025,Day001,wheat,447.JPG,447,DJI Mavic 3M RGB camera,nadir,nadir,0.9999759613078372,5280,3956,447_depth.tif,True,True,OPENCV,data\uav3dcrop\2025\Day001_Wheat\images\447.JPG,data\uav3dcrop_depth\2025\Day001_Wheat\447_depth.tif,https://huggingface.co/datasets/Link-Dev/UAV3DCrop/blob/main/2025/Day001_Wheat/images/447.JPG,https://huggingface.co/datasets/Link-Dev/UAV3DCrop_depth/blob/main/2025/Day001_Wheat_depth/447_depth.tif,main
2025/Day001_Wheat,2025,Day001,wheat,489.JPG,489,DJI Mavic 3M RGB camera,nadir,nadir,0.9999822511335054,5280,3956,489_depth.tif,True,True,OPENCV,data\uav3dcrop\2025\Day001_Wheat\images\489.JPG,data\uav3dcrop_depth\2025\Day001_Wheat\489_depth.tif,https://huggingface.co/datasets/Link-Dev/UAV3DCrop/blob/main/2025/Day001_Wheat/images/489.JPG,https://huggingface.co/datasets/Link-Dev/UAV3DCrop_depth/blob/main/2025/Day001_Wheat_depth/489_depth.tif,main
2025/Day001_Wheat,2025,Day001,wheat,531.JPG,531,DJI Mavic 3M RGB camera,nadir,nadir,0.9999865708201892,5280,3956,531_depth.tif,True,True,OPENCV,data\uav3dcrop\2025\Day001_Wheat\images\531.JPG,data\uav3dcrop_depth\2025\Day001_Wheat\531_depth.tif,https://huggingface.co/datasets/Link-Dev/UAV3DCrop/blob/main/2025/Day001_Wheat/images/531.JPG,https://huggingface.co/datasets/Link-Dev/UAV3DCrop_depth/blob/main/2025/Day001_Wheat_depth/531_depth.tif,main
2025/Day001_Wheat,2025,Day001,wheat,573.JPG,573,DJI Mavic 3M RGB camera,nadir,nadir,0.9999792549862315,5280,3956,573_depth.tif,True,True,OPENCV,data\uav3dcrop\2025\Day001_Wheat\images\573.JPG,data\uav3dcrop_depth\2025\Day001_Wheat\573_depth.tif,https://huggingface.co/datasets/Link-Dev/UAV3DCrop/blob/main/2025/Day001_Wheat/images/573.JPG,https://huggingface.co/datasets/Link-Dev/UAV3DCrop_depth/blob/main/2025/Day001_Wheat_depth/573_depth.tif,main
2025/Day001_Wheat,2025,Day001,wheat,616.JPG,616,DJI Mavic 3M RGB camera,nadir,nadir,0.9999911307561199,5280,3956,616_depth.tif,True,True,OPENCV,data\uav3dcrop\2025\Day001_Wheat\images\616.JPG,data\uav3dcrop_depth\2025\Day001_Wheat\616_depth.tif,https://huggingface.co/datasets/Link-Dev/UAV3DCrop/blob/main/2025/Day001_Wheat/images/616.JPG,https://huggingface.co/datasets/Link-Dev/UAV3DCrop_depth/blob/main/2025/Day001_Wheat_depth/616_depth.tif,main
2025/Day001_Wheat,2025,Day001,wheat,182.JPG,182,DJI Mavic 3M RGB camera,oblique,oblique,0.7033511780111273,5280,3956,182_depth.tif,True,True,OPENCV,data\uav3dcrop\2025\Day001_Wheat\images\182.JPG,data\uav3dcrop_depth\2025\Day001_Wheat\182_depth.tif,https://huggingface.co/datasets/Link-Dev/UAV3DCrop/blob/main/2025/Day001_Wheat/images/182.JPG,https://huggingface.co/datasets/Link-Dev/UAV3DCrop_depth/blob/main/2025/Day001_Wheat_depth/182_depth.tif,main
2025/Day001_Wheat,2025,Day001,wheat,240.JPG,240,DJI Mavic 3M RGB camera,oblique,oblique,0.7075718208125407,5280,3956,240_depth.tif,True,True,OPENCV,data\uav3dcrop\2025\Day001_Wheat\images\240.JPG,data\uav3dcrop_depth\2025\Day001_Wheat\240_depth.tif,https://huggingface.co/datasets/Link-Dev/UAV3DCrop/blob/main/2025/Day001_Wheat/images/240.JPG,https://huggingface.co/datasets/Link-Dev/UAV3DCrop_depth/blob/main/2025/Day001_Wheat_depth/240_depth.tif,main
2025/Day001_Wheat,2025,Day001,wheat,298.JPG,298,DJI Mavic 3M RGB camera,oblique,oblique,0.7061234622354156,5280,3956,298_depth.tif,True,True,OPENCV,data\uav3dcrop\2025\Day001_Wheat\images\298.JPG,data\uav3dcrop_depth\2025\Day001_Wheat\298_depth.tif,https://huggingface.co/datasets/Link-Dev/UAV3DCrop/blob/main/2025/Day001_Wheat/images/298.JPG,https://huggingface.co/datasets/Link-Dev/UAV3DCrop_depth/blob/main/2025/Day001_Wheat_depth/298_depth.tif,main
2025/Day001_Wheat,2025,Day001,wheat,357.JPG,357,DJI Mavic 3M RGB camera,oblique,oblique,0.704063446389367,5280,3956,357_depth.tif,True,True,OPENCV,data\uav3dcrop\2025\Day001_Wheat\images\357.JPG,data\uav3dcrop_depth\2025\Day001_Wheat\357_depth.tif,https://huggingface.co/datasets/Link-Dev/UAV3DCrop/blob/main/2025/Day001_Wheat/images/357.JPG,https://huggingface.co/datasets/Link-Dev/UAV3DCrop_depth/blob/main/2025/Day001_Wheat_depth/357_depth.tif,main
2025/Day001_Wheat,2025,Day001,wheat,415.JPG,415,DJI Mavic 3M RGB camera,oblique,oblique,0.7052316183673132,5280,3956,415_depth.tif,True,True,OPENCV,data\uav3dcrop\2025\Day001_Wheat\images\415.JPG,data\uav3dcrop_depth\2025\Day001_Wheat\415_depth.tif,https://huggingface.co/datasets/Link-Dev/UAV3DCrop/blob/main/2025/Day001_Wheat/images/415.JPG,https://huggingface.co/datasets/Link-Dev/UAV3DCrop_depth/blob/main/2025/Day001_Wheat_depth/415_depth.tif,main
2025/Day001_Wheat,2025,Day001,wheat,674.JPG,674,DJI Mavic 3M RGB camera,oblique,oblique,0.7082393071015787,5280,3956,674_depth.tif,True,True,OPENCV,data\uav3dcrop\2025\Day001_Wheat\images\674.JPG,data\uav3dcrop_depth\2025\Day001_Wheat\674_depth.tif,https://huggingface.co/datasets/Link-Dev/UAV3DCrop/blob/main/2025/Day001_Wheat/images/674.JPG,https://huggingface.co/datasets/Link-Dev/UAV3DCrop_depth/blob/main/2025/Day001_Wheat_depth/674_depth.tif,main
2025/Day001_Wheat,2025,Day001,wheat,732.JPG,732,DJI Mavic 3M RGB camera,oblique,oblique,0.7073450723867275,5280,3956,732_depth.tif,True,True,OPENCV,data\uav3dcrop\2025\Day001_Wheat\images\732.JPG,data\uav3dcrop_depth\2025\Day001_Wheat\732_depth.tif,https://huggingface.co/datasets/Link-Dev/UAV3DCrop/blob/main/2025/Day001_Wheat/images/732.JPG,https://huggingface.co/datasets/Link-Dev/UAV3DCrop_depth/blob/main/2025/Day001_Wheat_depth/732_depth.tif,main
2025/Day001_Wheat,2025,Day001,wheat,791.JPG,791,DJI Mavic 3M RGB camera,oblique,oblique,0.7057398871009861,5280,3956,791_depth.tif,True,True,OPENCV,data\uav3dcrop\2025\Day001_Wheat\images\791.JPG,data\uav3dcrop_depth\2025\Day001_Wheat\791_depth.tif,https://huggingface.co/datasets/Link-Dev/UAV3DCrop/blob/main/2025/Day001_Wheat/images/791.JPG,https://huggingface.co/datasets/Link-Dev/UAV3DCrop_depth/blob/main/2025/Day001_Wheat_depth/791_depth.tif,main
2025/Day001_Wheat,2025,Day001,wheat,849.JPG,849,DJI Mavic 3M RGB camera,oblique,oblique,0.7076058666729741,5280,3956,849_depth.tif,True,True,OPENCV,data\uav3dcrop\2025\Day001_Wheat\images\849.JPG,data\uav3dcrop_depth\2025\Day001_Wheat\849_depth.tif,https://huggingface.co/datasets/Link-Dev/UAV3DCrop/blob/main/2025/Day001_Wheat/images/849.JPG,https://huggingface.co/datasets/Link-Dev/UAV3DCrop_depth/blob/main/2025/Day001_Wheat_depth/849_depth.tif,main
2025/Day001_Wheat,2025,Day001,wheat,908.JPG,908,DJI Mavic 3M RGB camera,oblique,oblique,0.7081770834942197,5280,3956,908_depth.tif,True,True,OPENCV,data\uav3dcrop\2025\Day001_Wheat\images\908.JPG,data\uav3dcrop_depth\2025\Day001_Wheat\908_depth.tif,https://huggingface.co/datasets/Link-Dev/UAV3DCrop/blob/main/2025/Day001_Wheat/images/908.JPG,https://huggingface.co/datasets/Link-Dev/UAV3DCrop_depth/blob/main/2025/Day001_Wheat_depth/908_depth.tif,main
2025/Day007_Corn,2025,Day007,corn,1.JPG,1,DJI Mavic 3M RGB camera,nadir,nadir,0.9999954721327803,5280,3956,1_depth.tif,True,True,OPENCV,C:\Users\81902\Documents\Codex\2026-09-20\depth-anything-v2-python-uav-rgb\data\uav3dcrop\2025\Day007_Corn\images\1.JPG,C:\Users\81902\Documents\Codex\2026-09-20\depth-anything-v2-python-uav-rgb\data\uav3dcrop_depth\2025\Day007_Corn\1_depth.tif,https://huggingface.co/datasets/Link-Dev/UAV3DCrop/resolve/main/2025/Day007_Corn/images/1.JPG?download=true,https://huggingface.co/datasets/Link-Dev/UAV3DCrop_depth/resolve/main/2025/Day007_Corn_depth/1_depth.tif?download=true,main
2025/Day007_Corn,2025,Day007,corn,33.JPG,33,DJI Mavic 3M RGB camera,nadir,nadir,0.9999647586221735,5280,3956,33_depth.tif,True,True,OPENCV,C:\Users\81902\Documents\Codex\2026-09-20\depth-anything-v2-python-uav-rgb\data\uav3dcrop\2025\Day007_Corn\images\33.JPG,C:\Users\81902\Documents\Codex\2026-09-20\depth-anything-v2-python-uav-rgb\data\uav3dcrop_depth\2025\Day007_Corn\33_depth.tif,https://huggingface.co/datasets/Link-Dev/UAV3DCrop/resolve/main/2025/Day007_Corn/images/33.JPG?download=true,https://huggingface.co/datasets/Link-Dev/UAV3DCrop_depth/resolve/main/2025/Day007_Corn_depth/33_depth.tif?download=true,main
2025/Day007_Corn,2025,Day007,corn,64.JPG,64,DJI Mavic 3M RGB camera,nadir,nadir,0.9999746975571722,5280,3956,64_depth.tif,True,True,OPENCV,C:\Users\81902\Documents\Codex\2026-09-20\depth-anything-v2-python-uav-rgb\data\uav3dcrop\2025\Day007_Corn\images\64.JPG,C:\Users\81902\Documents\Codex\2026-09-20\depth-anything-v2-python-uav-rgb\data\uav3dcrop_depth\2025\Day007_Corn\64_depth.tif,https://huggingface.co/datasets/Link-Dev/UAV3DCrop/resolve/main/2025/Day007_Corn/images/64.JPG?download=true,https://huggingface.co/datasets/Link-Dev/UAV3DCrop_depth/resolve/main/2025/Day007_Corn_depth/64_depth.tif?download=true,main
2025/Day007_Corn,2025,Day007,corn,578.JPG,578,DJI Mavic 3M RGB camera,nadir,nadir,0.9999915345736107,5280,3956,578_depth.tif,True,True,OPENCV,C:\Users\81902\Documents\Codex\2026-09-20\depth-anything-v2-python-uav-rgb\data\uav3dcrop\2025\Day007_Corn\images\578.JPG,C:\Users\81902\Documents\Codex\2026-09-20\depth-anything-v2-python-uav-rgb\data\uav3dcrop_depth\2025\Day007_Corn\578_depth.tif,https://huggingface.co/datasets/Link-Dev/UAV3DCrop/resolve/main/2025/Day007_Corn/images/578.JPG?download=true,https://huggingface.co/datasets/Link-Dev/UAV3DCrop_depth/resolve/main/2025/Day007_Corn_depth/578_depth.tif?download=true,main
2025/Day007_Corn,2025,Day007,corn,609.JPG,609,DJI Mavic 3M RGB camera,nadir,nadir,0.9999944862551331,5280,3956,609_depth.tif,True,True,OPENCV,C:\Users\81902\Documents\Codex\2026-09-20\depth-anything-v2-python-uav-rgb\data\uav3dcrop\2025\Day007_Corn\images\609.JPG,C:\Users\81902\Documents\Codex\2026-09-20\depth-anything-v2-python-uav-rgb\data\uav3dcrop_depth\2025\Day007_Corn\609_depth.tif,https://huggingface.co/datasets/Link-Dev/UAV3DCrop/resolve/main/2025/Day007_Corn/images/609.JPG?download=true,https://huggingface.co/datasets/Link-Dev/UAV3DCrop_depth/resolve/main/2025/Day007_Corn_depth/609_depth.tif?download=true,main
2025/Day007_Corn,2025,Day007,corn,639.JPG,639,DJI Mavic 3M RGB camera,nadir,nadir,0.9999842408219877,5280,3956,639_depth.tif,True,True,OPENCV,C:\Users\81902\Documents\Codex\2026-09-20\depth-anything-v2-python-uav-rgb\data\uav3dcrop\2025\Day007_Corn\images\639.JPG,C:\Users\81902\Documents\Codex\2026-09-20\depth-anything-v2-python-uav-rgb\data\uav3dcrop_depth\2025\Day007_Corn\639_depth.tif,https://huggingface.co/datasets/Link-Dev/UAV3DCrop/resolve/main/2025/Day007_Corn/images/639.JPG?download=true,https://huggingface.co/datasets/Link-Dev/UAV3DCrop_depth/resolve/main/2025/Day007_Corn_depth/639_depth.tif?download=true,main
2025/Day007_Corn,2025,Day007,corn,670.JPG,670,DJI Mavic 3M RGB camera,nadir,nadir,0.9999760870075198,5280,3956,670_depth.tif,True,True,OPENCV,C:\Users\81902\Documents\Codex\2026-09-20\depth-anything-v2-python-uav-rgb\data\uav3dcrop\2025\Day007_Corn\images\670.JPG,C:\Users\81902\Documents\Codex\2026-09-20\depth-anything-v2-python-uav-rgb\data\uav3dcrop_depth\2025\Day007_Corn\670_depth.tif,https://huggingface.co/datasets/Link-Dev/UAV3DCrop/resolve/main/2025/Day007_Corn/images/670.JPG?download=true,https://huggingface.co/datasets/Link-Dev/UAV3DCrop_depth/resolve/main/2025/Day007_Corn_depth/670_depth.tif?download=true,main
2025/Day007_Corn,2025,Day007,corn,701.JPG,701,DJI Mavic 3M RGB camera,nadir,nadir,0.9999967126160184,5280,3956,701_depth.tif,True,True,OPENCV,C:\Users\81902\Documents\Codex\2026-09-20\depth-anything-v2-python-uav-rgb\data\uav3dcrop\2025\Day007_Corn\images\701.JPG,C:\Users\81902\Documents\Codex\2026-09-20\depth-anything-v2-python-uav-rgb\data\uav3dcrop_depth\2025\Day007_Corn\701_depth.tif,https://huggingface.co/datasets/Link-Dev/UAV3DCrop/resolve/main/2025/Day007_Corn/images/701.JPG?download=true,https://huggingface.co/datasets/Link-Dev/UAV3DCrop_depth/resolve/main/2025/Day007_Corn_depth/701_depth.tif?download=true,main
2025/Day007_Corn,2025,Day007,corn,111.JPG,111,DJI Mavic 3M RGB camera,oblique,oblique,0.7023218186333064,5280,3956,111_depth.tif,True,True,OPENCV,C:\Users\81902\Documents\Codex\2026-09-20\depth-anything-v2-python-uav-rgb\data\uav3dcrop\2025\Day007_Corn\images\111.JPG,C:\Users\81902\Documents\Codex\2026-09-20\depth-anything-v2-python-uav-rgb\data\uav3dcrop_depth\2025\Day007_Corn\111_depth.tif,https://huggingface.co/datasets/Link-Dev/UAV3DCrop/resolve/main/2025/Day007_Corn/images/111.JPG?download=true,https://huggingface.co/datasets/Link-Dev/UAV3DCrop_depth/resolve/main/2025/Day007_Corn_depth/111_depth.tif?download=true,main
2025/Day007_Corn,2025,Day007,corn,222.JPG,222,DJI Mavic 3M RGB camera,oblique,oblique,0.7056516241242933,5280,3956,222_depth.tif,True,True,OPENCV,C:\Users\81902\Documents\Codex\2026-09-20\depth-anything-v2-python-uav-rgb\data\uav3dcrop\2025\Day007_Corn\images\222.JPG,C:\Users\81902\Documents\Codex\2026-09-20\depth-anything-v2-python-uav-rgb\data\uav3dcrop_depth\2025\Day007_Corn\222_depth.tif,https://huggingface.co/datasets/Link-Dev/UAV3DCrop/resolve/main/2025/Day007_Corn/images/222.JPG?download=true,https://huggingface.co/datasets/Link-Dev/UAV3DCrop_depth/resolve/main/2025/Day007_Corn_depth/222_depth.tif?download=true,main
2025/Day007_Corn,2025,Day007,corn,334.JPG,334,DJI Mavic 3M RGB camera,oblique,oblique,0.7068111656329447,5280,3956,334_depth.tif,True,True,OPENCV,C:\Users\81902\Documents\Codex\2026-09-20\depth-anything-v2-python-uav-rgb\data\uav3dcrop\2025\Day007_Corn\images\334.JPG,C:\Users\81902\Documents\Codex\2026-09-20\depth-anything-v2-python-uav-rgb\data\uav3dcrop_depth\2025\Day007_Corn\334_depth.tif,https://huggingface.co/datasets/Link-Dev/UAV3DCrop/resolve/main/2025/Day007_Corn/images/334.JPG?download=true,https://huggingface.co/datasets/Link-Dev/UAV3DCrop_depth/resolve/main/2025/Day007_Corn_depth/334_depth.tif?download=true,main
2025/Day007_Corn,2025,Day007,corn,446.JPG,446,DJI Mavic 3M RGB camera,oblique,oblique,0.7057395311749536,5280,3956,446_depth.tif,True,True,OPENCV,C:\Users\81902\Documents\Codex\2026-09-20\depth-anything-v2-python-uav-rgb\data\uav3dcrop\2025\Day007_Corn\images\446.JPG,C:\Users\81902\Documents\Codex\2026-09-20\depth-anything-v2-python-uav-rgb\data\uav3dcrop_depth\2025\Day007_Corn\446_depth.tif,https://huggingface.co/datasets/Link-Dev/UAV3DCrop/resolve/main/2025/Day007_Corn/images/446.JPG?download=true,https://huggingface.co/datasets/Link-Dev/UAV3DCrop_depth/resolve/main/2025/Day007_Corn_depth/446_depth.tif?download=true,main
2025/Day007_Corn,2025,Day007,corn,558.JPG,558,DJI Mavic 3M RGB camera,oblique,oblique,0.7042619721063174,5280,3956,558_depth.tif,True,True,OPENCV,C:\Users\81902\Documents\Codex\2026-09-20\depth-anything-v2-python-uav-rgb\data\uav3dcrop\2025\Day007_Corn\images\558.JPG,C:\Users\81902\Documents\Codex\2026-09-20\depth-anything-v2-python-uav-rgb\data\uav3dcrop_depth\2025\Day007_Corn\558_depth.tif,https://huggingface.co/datasets/Link-Dev/UAV3DCrop/resolve/main/2025/Day007_Corn/images/558.JPG?download=true,https://huggingface.co/datasets/Link-Dev/UAV3DCrop_depth/resolve/main/2025/Day007_Corn_depth/558_depth.tif?download=true,main
2025/Day007_Corn,2025,Day007,corn,795.JPG,795,DJI Mavic 3M RGB camera,oblique,oblique,0.7052706955719295,5280,3956,795_depth.tif,True,True,OPENCV,C:\Users\81902\Documents\Codex\2026-09-20\depth-anything-v2-python-uav-rgb\data\uav3dcrop\2025\Day007_Corn\images\795.JPG,C:\Users\81902\Documents\Codex\2026-09-20\depth-anything-v2-python-uav-rgb\data\uav3dcrop_depth\2025\Day007_Corn\795_depth.tif,https://huggingface.co/datasets/Link-Dev/UAV3DCrop/resolve/main/2025/Day007_Corn/images/795.JPG?download=true,https://huggingface.co/datasets/Link-Dev/UAV3DCrop_depth/resolve/main/2025/Day007_Corn_depth/795_depth.tif?download=true,main
2025/Day007_Corn,2025,Day007,corn,1097.JPG,1097,DJI Mavic 3M RGB camera,oblique,oblique,0.7082186092059759,5280,3956,1097_depth.tif,True,True,OPENCV,C:\Users\81902\Documents\Codex\2026-09-20\depth-anything-v2-python-uav-rgb\data\uav3dcrop\2025\Day007_Corn\images\1097.JPG,C:\Users\81902\Documents\Codex\2026-09-20\depth-anything-v2-python-uav-rgb\data\uav3dcrop_depth\2025\Day007_Corn\1097_depth.tif,https://huggingface.co/datasets/Link-Dev/UAV3DCrop/resolve/main/2025/Day007_Corn/images/1097.JPG?download=true,https://huggingface.co/datasets/Link-Dev/UAV3DCrop_depth/resolve/main/2025/Day007_Corn_depth/1097_depth.tif?download=true,main
2025/Day007_Corn,2025,Day007,corn,1209.JPG,1209,DJI Mavic 3M RGB camera,oblique,oblique,0.7048275909019304,5280,3956,1209_depth.tif,True,True,OPENCV,C:\Users\81902\Documents\Codex\2026-09-20\depth-anything-v2-python-uav-rgb\data\uav3dcrop\2025\Day007_Corn\images\1209.JPG,C:\Users\81902\Documents\Codex\2026-09-20\depth-anything-v2-python-uav-rgb\data\uav3dcrop_depth\2025\Day007_Corn\1209_depth.tif,https://huggingface.co/datasets/Link-Dev/UAV3DCrop/resolve/main/2025/Day007_Corn/images/1209.JPG?download=true,https://huggingface.co/datasets/Link-Dev/UAV3DCrop_depth/resolve/main/2025/Day007_Corn_depth/1209_depth.tif?download=true,main
